seed,N_SUB,split,kind,method,tau,metric,value,method_label
123,10000,train,timing,sklearn_LP,0.1,fit_seconds,10.212599448999754,sklearn_LP
123,10000,train,timing,sklearn_LP,0.1,n_iter,12968.0,sklearn_LP
123,10000,train,timing,sklearn_LP,0.5,fit_seconds,12.149267014000088,sklearn_LP
123,10000,train,timing,sklearn_LP,0.5,n_iter,16848.0,sklearn_LP
123,10000,train,timing,sklearn_LP,0.9,fit_seconds,10.34089020800002,sklearn_LP
123,10000,train,timing,sklearn_LP,0.9,n_iter,12781.0,sklearn_LP
123,10000,train,kkt,sklearn_LP,0.1,kkt_intercept_abs,0.02453,sklearn_LP
123,10000,train,kkt,sklearn_LP,0.1,kkt_grad_inf,0.0114299999999999,sklearn_LP
123,10000,train,kkt,sklearn_LP,0.1,kkt_grad_l2,0.0132635495958566,sklearn_LP
123,10000,train,kkt,sklearn_LP,0.1,frac_near_zero_resid,0.0847,sklearn_LP
123,10000,train,kkt,sklearn_LP,0.5,kkt_intercept_abs,0.00085,sklearn_LP
123,10000,train,kkt,sklearn_LP,0.5,kkt_grad_inf,0.00085,sklearn_LP
123,10000,train,kkt,sklearn_LP,0.5,kkt_grad_l2,0.0019043016457279,sklearn_LP
123,10000,train,kkt,sklearn_LP,0.5,frac_near_zero_resid,0.0847,sklearn_LP
123,10000,train,kkt,sklearn_LP,0.9,kkt_intercept_abs,0.0231199999999999,sklearn_LP
123,10000,train,kkt,sklearn_LP,0.9,kkt_grad_inf,0.0105299999999999,sklearn_LP
123,10000,train,kkt,sklearn_LP,0.9,kkt_grad_l2,0.0122676214783014,sklearn_LP
123,10000,train,kkt,sklearn_LP,0.9,frac_near_zero_resid,0.0848,sklearn_LP
123,10000,train,metric,sklearn_LP,0.1,pinball,0.0527151715371988,sklearn_LP
123,10000,train,metric,sklearn_LP,0.1,rmse,0.5709780618421503,sklearn_LP
123,10000,test,metric,sklearn_LP,0.1,pinball,0.0679326722663139,sklearn_LP
123,10000,test,metric,sklearn_LP,0.1,rmse,0.5908180463169065,sklearn_LP
123,10000,train,metric,sklearn_LP,0.5,pinball,0.1274576714853162,sklearn_LP
123,10000,train,metric,sklearn_LP,0.5,rmse,0.3599386883886689,sklearn_LP
123,10000,test,metric,sklearn_LP,0.5,pinball,0.1449477558016647,sklearn_LP
123,10000,test,metric,sklearn_LP,0.5,rmse,0.3918610446152797,sklearn_LP
123,10000,train,metric,sklearn_LP,0.9,pinball,0.0550172252962847,sklearn_LP
123,10000,train,metric,sklearn_LP,0.9,rmse,0.5685608148232292,sklearn_LP
123,10000,test,metric,sklearn_LP,0.9,pinball,0.0741221818903447,sklearn_LP
123,10000,test,metric,sklearn_LP,0.9,rmse,0.5937107349898798,sklearn_LP
123,10000,test,pi,sklearn_LP,"PI(0.1,0.9)",coverage,0.72896,sklearn_LP
123,10000,test,pi,sklearn_LP,"PI(0.1,0.9)",mean_width,0.8235958401537604,sklearn_LP
123,10000,test,pi,sklearn_LP,"PI(0.1,0.9)",winkler,1.4205485415665866,sklearn_LP
123,10000,test,corr,sklearn_LP,"PI(0.1,0.9)",width_vs_y__pearson_r,0.1778055677203248,sklearn_LP
123,10000,test,corr,sklearn_LP,"PI(0.1,0.9)",width_vs_y__pearson_p,0.0,sklearn_LP
123,10000,test,corr,sklearn_LP,"PI(0.1,0.9)",width_vs_y__spearman_r,0.2778769495702652,sklearn_LP
123,10000,test,corr,sklearn_LP,"PI(0.1,0.9)",width_vs_y__spearman_p,0.0,sklearn_LP
123,10000,test,corr,sklearn_LP,"PI(0.1,0.9)",width_vs_y__mean_width,0.8235958401537604,sklearn_LP
123,10000,test,corr,sklearn_LP,"PI(0.1,0.9)",width_vs_q50hat__pearson_r,0.2938156237595225,sklearn_LP
123,10000,test,corr,sklearn_LP,"PI(0.1,0.9)",width_vs_q50hat__pearson_p,0.0,sklearn_LP
123,10000,test,corr,sklearn_LP,"PI(0.1,0.9)",width_vs_q50hat__spearman_r,0.4145882705388077,sklearn_LP
123,10000,test,corr,sklearn_LP,"PI(0.1,0.9)",width_vs_q50hat__spearman_p,0.0,sklearn_LP
123,10000,test,corr,sklearn_LP,"PI(0.1,0.9)",width_vs_q50hat__mean_width,0.8235958401537604,sklearn_LP
123,25000,train,timing,sklearn_LP,0.1,fit_seconds,60.342951309,sklearn_LP
123,25000,train,timing,sklearn_LP,0.1,n_iter,32561.0,sklearn_LP
123,25000,train,timing,sklearn_LP,0.5,fit_seconds,70.73485767900002,sklearn_LP
123,25000,train,timing,sklearn_LP,0.5,n_iter,41972.0,sklearn_LP
123,25000,train,timing,sklearn_LP,0.9,fit_seconds,56.22974987800035,sklearn_LP
123,25000,train,timing,sklearn_LP,0.9,n_iter,32422.0,sklearn_LP
123,25000,train,kkt,sklearn_LP,0.1,kkt_intercept_abs,0.011852,sklearn_LP
123,25000,train,kkt,sklearn_LP,0.1,kkt_grad_inf,0.0051199999999999,sklearn_LP
123,25000,train,kkt,sklearn_LP,0.1,kkt_grad_l2,0.0060786959204279,sklearn_LP
123,25000,train,kkt,sklearn_LP,0.1,frac_near_zero_resid,0.03748,sklearn_LP
123,25000,train,kkt,sklearn_LP,0.5,kkt_intercept_abs,6e-05,sklearn_LP
123,25000,train,kkt,sklearn_LP,0.5,kkt_grad_inf,0.0010437739159185,sklearn_LP
123,25000,train,kkt,sklearn_LP,0.5,kkt_grad_l2,0.0013879331254492,sklearn_LP
123,25000,train,kkt,sklearn_LP,0.5,frac_near_zero_resid,0.03732,sklearn_LP
123,25000,train,kkt,sklearn_LP,0.9,kkt_intercept_abs,0.0118239999999999,sklearn_LP
123,25000,train,kkt,sklearn_LP,0.9,kkt_grad_inf,0.0054599999999999,sklearn_LP
123,25000,train,kkt,sklearn_LP,0.9,kkt_grad_l2,0.0062436279537882,sklearn_LP
123,25000,train,kkt,sklearn_LP,0.9,frac_near_zero_resid,0.03736,sklearn_LP
123,25000,train,metric,sklearn_LP,0.1,pinball,0.0560539510023594,sklearn_LP
123,25000,train,metric,sklearn_LP,0.1,rmse,0.5847524521298156,sklearn_LP
123,25000,test,metric,sklearn_LP,0.1,pinball,0.0641115421867532,sklearn_LP
123,25000,test,metric,sklearn_LP,0.1,rmse,0.5993612198336981,sklearn_LP
123,25000,train,metric,sklearn_LP,0.5,pinball,0.1322394120577929,sklearn_LP
123,25000,train,metric,sklearn_LP,0.5,rmse,0.3643346430308279,sklearn_LP
123,25000,test,metric,sklearn_LP,0.5,pinball,0.1413288456795001,sklearn_LP
123,25000,test,metric,sklearn_LP,0.5,rmse,0.3850023087191049,sklearn_LP
123,25000,train,metric,sklearn_LP,0.9,pinball,0.059890620037488,sklearn_LP
123,25000,train,metric,sklearn_LP,0.9,rmse,0.5796828808636543,sklearn_LP
123,25000,test,metric,sklearn_LP,0.9,pinball,0.067799139335812,sklearn_LP
123,25000,test,metric,sklearn_LP,0.9,rmse,0.592366507707014,sklearn_LP
123,25000,test,pi,sklearn_LP,"PI(0.1,0.9)",coverage,0.76768,sklearn_LP
123,25000,test,pi,sklearn_LP,"PI(0.1,0.9)",mean_width,0.8567488553388741,sklearn_LP
123,25000,test,pi,sklearn_LP,"PI(0.1,0.9)",winkler,1.319106815225653,sklearn_LP
123,25000,test,corr,sklearn_LP,"PI(0.1,0.9)",width_vs_y__pearson_r,0.2633649622142002,sklearn_LP
123,25000,test,corr,sklearn_LP,"PI(0.1,0.9)",width_vs_y__pearson_p,0.0,sklearn_LP
123,25000,test,corr,sklearn_LP,"PI(0.1,0.9)",width_vs_y__spearman_r,0.3856049203295263,sklearn_LP
123,25000,test,corr,sklearn_LP,"PI(0.1,0.9)",width_vs_y__spearman_p,0.0,sklearn_LP
123,25000,test,corr,sklearn_LP,"PI(0.1,0.9)",width_vs_y__mean_width,0.8567488553388741,sklearn_LP
123,25000,test,corr,sklearn_LP,"PI(0.1,0.9)",width_vs_q50hat__pearson_r,0.3977547842624571,sklearn_LP
123,25000,test,corr,sklearn_LP,"PI(0.1,0.9)",width_vs_q50hat__pearson_p,0.0,sklearn_LP
123,25000,test,corr,sklearn_LP,"PI(0.1,0.9)",width_vs_q50hat__spearman_r,0.546194909452971,sklearn_LP
123,25000,test,corr,sklearn_LP,"PI(0.1,0.9)",width_vs_q50hat__spearman_p,0.0,sklearn_LP
123,25000,test,corr,sklearn_LP,"PI(0.1,0.9)",width_vs_q50hat__mean_width,0.8567488553388741,sklearn_LP
123,50000,train,timing,sklearn_LP,0.1,fit_seconds,256.6550587430001,sklearn_LP
123,50000,train,timing,sklearn_LP,0.1,n_iter,64022.0,sklearn_LP
123,50000,train,timing,sklearn_LP,0.5,fit_seconds,302.45957164499987,sklearn_LP
123,50000,train,timing,sklearn_LP,0.5,n_iter,81082.0,sklearn_LP
123,50000,train,timing,sklearn_LP,0.9,fit_seconds,255.5255266009999,sklearn_LP
123,50000,train,timing,sklearn_LP,0.9,n_iter,64187.0,sklearn_LP
123,50000,train,kkt,sklearn_LP,0.1,kkt_intercept_abs,0.006654,sklearn_LP
123,50000,train,kkt,sklearn_LP,0.1,kkt_grad_inf,0.0029739999999999,sklearn_LP
123,50000,train,kkt,sklearn_LP,0.1,kkt_grad_l2,0.0034402237194906,sklearn_LP
123,50000,train,kkt,sklearn_LP,0.1,frac_near_zero_resid,0.01966,sklearn_LP
123,50000,train,kkt,sklearn_LP,0.5,kkt_intercept_abs,0.00029,sklearn_LP
123,50000,train,kkt,sklearn_LP,0.5,kkt_grad_inf,0.0002358488219309,sklearn_LP
123,50000,train,kkt,sklearn_LP,0.5,kkt_grad_l2,0.0004769581714522,sklearn_LP
123,50000,train,kkt,sklearn_LP,0.5,frac_near_zero_resid,0.01946,sklearn_LP
123,50000,train,kkt,sklearn_LP,0.9,kkt_intercept_abs,0.0064879999999999,sklearn_LP
123,50000,train,kkt,sklearn_LP,0.9,kkt_grad_inf,0.0029059999999999,sklearn_LP
123,50000,train,kkt,sklearn_LP,0.9,kkt_grad_l2,0.0033316460582253,sklearn_LP
123,50000,train,kkt,sklearn_LP,0.9,frac_near_zero_resid,0.01952,sklearn_LP
123,50000,train,metric,sklearn_LP,0.1,pinball,0.0578456998447163,sklearn_LP
123,50000,train,metric,sklearn_LP,0.1,rmse,0.5861761561570878,sklearn_LP
123,50000,test,metric,sklearn_LP,0.1,pinball,0.0615836067636577,sklearn_LP
123,50000,test,metric,sklearn_LP,0.1,rmse,0.588432428325045,sklearn_LP
123,50000,train,metric,sklearn_LP,0.5,pinball,0.1349773845171914,sklearn_LP
123,50000,train,metric,sklearn_LP,0.5,rmse,0.3685453283650449,sklearn_LP
123,50000,test,metric,sklearn_LP,0.5,pinball,0.1386161044872106,sklearn_LP
123,50000,test,metric,sklearn_LP,0.5,rmse,0.3743884134116715,sklearn_LP
123,50000,train,metric,sklearn_LP,0.9,pinball,0.0619675614472716,sklearn_LP
123,50000,train,metric,sklearn_LP,0.9,rmse,0.5862982292674231,sklearn_LP
123,50000,test,metric,sklearn_LP,0.9,pinball,0.0653461297796754,sklearn_LP
123,50000,test,metric,sklearn_LP,0.9,rmse,0.5914140487042494,sklearn_LP
123,50000,test,pi,sklearn_LP,"PI(0.1,0.9)",coverage,0.78762,sklearn_LP
123,50000,test,pi,sklearn_LP,"PI(0.1,0.9)",mean_width,0.8682821934367339,sklearn_LP
123,50000,test,pi,sklearn_LP,"PI(0.1,0.9)",winkler,1.269297365433332,sklearn_LP
123,50000,test,corr,sklearn_LP,"PI(0.1,0.9)",width_vs_y__pearson_r,0.2952207872574776,sklearn_LP
123,50000,test,corr,sklearn_LP,"PI(0.1,0.9)",width_vs_y__pearson_p,0.0,sklearn_LP
123,50000,test,corr,sklearn_LP,"PI(0.1,0.9)",width_vs_y__spearman_r,0.4239018644952272,sklearn_LP
123,50000,test,corr,sklearn_LP,"PI(0.1,0.9)",width_vs_y__spearman_p,0.0,sklearn_LP
123,50000,test,corr,sklearn_LP,"PI(0.1,0.9)",width_vs_y__mean_width,0.8682821934367339,sklearn_LP
123,50000,test,corr,sklearn_LP,"PI(0.1,0.9)",width_vs_q50hat__pearson_r,0.4630939095917847,sklearn_LP
123,50000,test,corr,sklearn_LP,"PI(0.1,0.9)",width_vs_q50hat__pearson_p,0.0,sklearn_LP
123,50000,test,corr,sklearn_LP,"PI(0.1,0.9)",width_vs_q50hat__spearman_r,0.6140520378664718,sklearn_LP
123,50000,test,corr,sklearn_LP,"PI(0.1,0.9)",width_vs_q50hat__spearman_p,0.0,sklearn_LP
123,50000,test,corr,sklearn_LP,"PI(0.1,0.9)",width_vs_q50hat__mean_width,0.8682821934367339,sklearn_LP
123,75000,train,timing,sklearn_LP,0.1,fit_seconds,584.4528470969999,sklearn_LP
123,75000,train,timing,sklearn_LP,0.1,n_iter,95698.0,sklearn_LP
123,75000,train,timing,sklearn_LP,0.5,fit_seconds,684.1449271700003,sklearn_LP
123,75000,train,timing,sklearn_LP,0.5,n_iter,119894.0,sklearn_LP
123,75000,train,timing,sklearn_LP,0.9,fit_seconds,600.6500370670001,sklearn_LP
123,75000,train,timing,sklearn_LP,0.9,n_iter,95222.0,sklearn_LP
123,75000,train,kkt,sklearn_LP,0.1,kkt_intercept_abs,0.0044706666666666,sklearn_LP
123,75000,train,kkt,sklearn_LP,0.1,kkt_grad_inf,0.0019546666666666,sklearn_LP
123,75000,train,kkt,sklearn_LP,0.1,kkt_grad_l2,0.0023168955350341,sklearn_LP
123,75000,train,kkt,sklearn_LP,0.1,frac_near_zero_resid,0.0132933333333333,sklearn_LP
123,75000,train,kkt,sklearn_LP,0.5,kkt_intercept_abs,2e-05,sklearn_LP
123,75000,train,kkt,sklearn_LP,0.5,kkt_grad_inf,0.0001824751816975,sklearn_LP
123,75000,train,kkt,sklearn_LP,0.5,kkt_grad_l2,0.0003558298317773,sklearn_LP
123,75000,train,kkt,sklearn_LP,0.5,frac_near_zero_resid,0.01332,sklearn_LP
123,75000,train,kkt,sklearn_LP,0.9,kkt_intercept_abs,0.0044999999999999,sklearn_LP
123,75000,train,kkt,sklearn_LP,0.9,kkt_grad_inf,0.0019506666666666,sklearn_LP
123,75000,train,kkt,sklearn_LP,0.9,kkt_grad_l2,0.0022763266961288,sklearn_LP
123,75000,train,kkt,sklearn_LP,0.9,frac_near_zero_resid,0.0132666666666666,sklearn_LP
123,75000,train,metric,sklearn_LP,0.1,pinball,0.0584749898102665,sklearn_LP
123,75000,train,metric,sklearn_LP,0.1,rmse,0.5873891702783915,sklearn_LP
123,75000,test,metric,sklearn_LP,0.1,pinball,0.0603354704667919,sklearn_LP
123,75000,test,metric,sklearn_LP,0.1,rmse,0.5890147941553536,sklearn_LP
123,75000,train,metric,sklearn_LP,0.5,pinball,0.1353353412219954,sklearn_LP
123,75000,train,metric,sklearn_LP,0.5,rmse,0.3693094383425722,sklearn_LP
123,75000,test,metric,sklearn_LP,0.5,pinball,0.1384140498952482,sklearn_LP
123,75000,test,metric,sklearn_LP,0.5,rmse,0.3739994571500908,sklearn_LP
123,75000,train,metric,sklearn_LP,0.9,pinball,0.0621551924756423,sklearn_LP
123,75000,train,metric,sklearn_LP,0.9,rmse,0.5830764788059302,sklearn_LP
123,75000,test,metric,sklearn_LP,0.9,pinball,0.0648920205478827,sklearn_LP
123,75000,test,metric,sklearn_LP,0.9,rmse,0.5861122029234533,sklearn_LP
123,75000,test,pi,sklearn_LP,"PI(0.1,0.9)",coverage,0.79028,sklearn_LP
123,75000,test,pi,sklearn_LP,"PI(0.1,0.9)",mean_width,0.8679086086292265,sklearn_LP
123,75000,test,pi,sklearn_LP,"PI(0.1,0.9)",winkler,1.2522749101467463,sklearn_LP
123,75000,test,corr,sklearn_LP,"PI(0.1,0.9)",width_vs_y__pearson_r,0.3037796031368642,sklearn_LP
123,75000,test,corr,sklearn_LP,"PI(0.1,0.9)",width_vs_y__pearson_p,0.0,sklearn_LP
123,75000,test,corr,sklearn_LP,"PI(0.1,0.9)",width_vs_y__spearman_r,0.4445634029004294,sklearn_LP
123,75000,test,corr,sklearn_LP,"PI(0.1,0.9)",width_vs_y__spearman_p,0.0,sklearn_LP
123,75000,test,corr,sklearn_LP,"PI(0.1,0.9)",width_vs_y__mean_width,0.8679086086292265,sklearn_LP
123,75000,test,corr,sklearn_LP,"PI(0.1,0.9)",width_vs_q50hat__pearson_r,0.4745835659481187,sklearn_LP
123,75000,test,corr,sklearn_LP,"PI(0.1,0.9)",width_vs_q50hat__pearson_p,0.0,sklearn_LP
123,75000,test,corr,sklearn_LP,"PI(0.1,0.9)",width_vs_q50hat__spearman_r,0.6361592901659412,sklearn_LP
123,75000,test,corr,sklearn_LP,"PI(0.1,0.9)",width_vs_q50hat__spearman_p,0.0,sklearn_LP
123,75000,test,corr,sklearn_LP,"PI(0.1,0.9)",width_vs_q50hat__mean_width,0.8679086086292265,sklearn_LP
123,100000,train,timing,sklearn_LP,0.1,fit_seconds,1104.1696538899996,sklearn_LP
123,100000,train,timing,sklearn_LP,0.1,n_iter,126440.0,sklearn_LP
123,100000,train,timing,sklearn_LP,0.5,fit_seconds,1268.550490795,sklearn_LP
123,100000,train,timing,sklearn_LP,0.5,n_iter,158287.0,sklearn_LP
123,100000,train,timing,sklearn_LP,0.9,fit_seconds,1065.3754862840003,sklearn_LP
123,100000,train,timing,sklearn_LP,0.9,n_iter,126665.0,sklearn_LP
123,100000,train,kkt,sklearn_LP,0.1,kkt_intercept_abs,0.003431,sklearn_LP
123,100000,train,kkt,sklearn_LP,0.1,kkt_grad_inf,0.0015249999999999,sklearn_LP
123,100000,train,kkt,sklearn_LP,0.1,kkt_grad_l2,0.0018832053611671,sklearn_LP
123,100000,train,kkt,sklearn_LP,0.1,frac_near_zero_resid,0.01029,sklearn_LP
123,100000,train,kkt,sklearn_LP,0.5,kkt_intercept_abs,5e-05,sklearn_LP
123,100000,train,kkt,sklearn_LP,0.5,kkt_grad_inf,0.0002289606734499,sklearn_LP
123,100000,train,kkt,sklearn_LP,0.5,kkt_grad_l2,0.000295354141826,sklearn_LP
123,100000,train,kkt,sklearn_LP,0.5,frac_near_zero_resid,0.01024,sklearn_LP
123,100000,train,kkt,sklearn_LP,0.9,kkt_intercept_abs,0.0034499999999999,sklearn_LP
123,100000,train,kkt,sklearn_LP,0.9,kkt_grad_inf,0.0014659999999999,sklearn_LP
123,100000,train,kkt,sklearn_LP,0.9,kkt_grad_l2,0.0017269301855895,sklearn_LP
123,100000,train,kkt,sklearn_LP,0.9,frac_near_zero_resid,0.0102,sklearn_LP
123,100000,train,metric,sklearn_LP,0.1,pinball,0.0586658378440914,sklearn_LP
123,100000,train,metric,sklearn_LP,0.1,rmse,0.58639305230157,sklearn_LP
123,100000,test,metric,sklearn_LP,0.1,pinball,0.0601310187243655,sklearn_LP
123,100000,test,metric,sklearn_LP,0.1,rmse,0.5871891162278393,sklearn_LP
123,100000,train,metric,sklearn_LP,0.5,pinball,0.1355870520484717,sklearn_LP
123,100000,train,metric,sklearn_LP,0.5,rmse,0.3695900742586215,sklearn_LP
123,100000,test,metric,sklearn_LP,0.5,pinball,0.1385829306247335,sklearn_LP
123,100000,test,metric,sklearn_LP,0.5,rmse,0.373747239033677,sklearn_LP
123,100000,train,metric,sklearn_LP,0.9,pinball,0.0623596930988807,sklearn_LP
123,100000,train,metric,sklearn_LP,0.9,rmse,0.583858103433478,sklearn_LP
123,100000,test,metric,sklearn_LP,0.9,pinball,0.0644401503486937,sklearn_LP
123,100000,test,metric,sklearn_LP,0.9,rmse,0.586893039604727,sklearn_LP
123,100000,test,pi,sklearn_LP,"PI(0.1,0.9)",coverage,0.79058,sklearn_LP
123,100000,test,pi,sklearn_LP,"PI(0.1,0.9)",mean_width,0.8680162440229219,sklearn_LP
123,100000,test,pi,sklearn_LP,"PI(0.1,0.9)",winkler,1.2457116907305927,sklearn_LP
123,100000,test,corr,sklearn_LP,"PI(0.1,0.9)",width_vs_y__pearson_r,0.3255776500476153,sklearn_LP
123,100000,test,corr,sklearn_LP,"PI(0.1,0.9)",width_vs_y__pearson_p,0.0,sklearn_LP
123,100000,test,corr,sklearn_LP,"PI(0.1,0.9)",width_vs_y__spearman_r,0.4511949062223541,sklearn_LP
123,100000,test,corr,sklearn_LP,"PI(0.1,0.9)",width_vs_y__spearman_p,0.0,sklearn_LP
123,100000,test,corr,sklearn_LP,"PI(0.1,0.9)",width_vs_y__mean_width,0.8680162440229219,sklearn_LP
123,100000,test,corr,sklearn_LP,"PI(0.1,0.9)",width_vs_q50hat__pearson_r,0.5116579319464312,sklearn_LP
123,100000,test,corr,sklearn_LP,"PI(0.1,0.9)",width_vs_q50hat__pearson_p,0.0,sklearn_LP
123,100000,test,corr,sklearn_LP,"PI(0.1,0.9)",width_vs_q50hat__spearman_r,0.6576448861050539,sklearn_LP
123,100000,test,corr,sklearn_LP,"PI(0.1,0.9)",width_vs_q50hat__spearman_p,0.0,sklearn_LP
123,100000,test,corr,sklearn_LP,"PI(0.1,0.9)",width_vs_q50hat__mean_width,0.8680162440229219,sklearn_LP
123,250000,train,timing,sklearn_LP,0.1,fit_seconds,6971.074957043,sklearn_LP
123,250000,train,timing,sklearn_LP,0.1,n_iter,309058.0,sklearn_LP
123,250000,train,timing,sklearn_LP,0.5,fit_seconds,8734.975131283,sklearn_LP
123,250000,train,timing,sklearn_LP,0.5,n_iter,405250.0,sklearn_LP
123,250000,train,timing,sklearn_LP,0.9,fit_seconds,6716.275756504001,sklearn_LP
123,250000,train,timing,sklearn_LP,0.9,n_iter,307480.0,sklearn_LP
123,250000,train,kkt,sklearn_LP,0.1,kkt_intercept_abs,0.0015428,sklearn_LP
123,250000,train,kkt,sklearn_LP,0.1,kkt_grad_inf,0.0007039999999999,sklearn_LP
123,250000,train,kkt,sklearn_LP,0.1,kkt_grad_l2,0.0008060854532636,sklearn_LP
123,250000,train,kkt,sklearn_LP,0.1,frac_near_zero_resid,0.004332,sklearn_LP
123,250000,train,kkt,sklearn_LP,0.5,kkt_intercept_abs,2e-05,sklearn_LP
123,250000,train,kkt,sklearn_LP,0.5,kkt_grad_inf,3e-05,sklearn_LP
123,250000,train,kkt,sklearn_LP,0.5,kkt_grad_l2,8.966529445952477e-05,sklearn_LP
123,250000,train,kkt,sklearn_LP,0.5,frac_near_zero_resid,0.004296,sklearn_LP
123,250000,train,kkt,sklearn_LP,0.9,kkt_intercept_abs,0.0015035999999999,sklearn_LP
123,250000,train,kkt,sklearn_LP,0.9,kkt_grad_inf,0.0006943999999999,sklearn_LP
123,250000,train,kkt,sklearn_LP,0.9,kkt_grad_l2,0.0008038071390893,sklearn_LP
123,250000,train,kkt,sklearn_LP,0.9,frac_near_zero_resid,0.004324,sklearn_LP
123,250000,train,metric,sklearn_LP,0.1,pinball,0.0589996860616798,sklearn_LP
123,250000,train,metric,sklearn_LP,0.1,rmse,0.5859153365410426,sklearn_LP
123,250000,test,metric,sklearn_LP,0.1,pinball,0.05963829611445,sklearn_LP
123,250000,test,metric,sklearn_LP,0.1,rmse,0.5866736832614923,sklearn_LP
123,250000,train,metric,sklearn_LP,0.5,pinball,0.1362340155899481,sklearn_LP
123,250000,train,metric,sklearn_LP,0.5,rmse,0.3693113994090115,sklearn_LP
123,250000,test,metric,sklearn_LP,0.5,pinball,0.1369076072236624,sklearn_LP
123,250000,test,metric,sklearn_LP,0.5,rmse,0.3702152356115105,sklearn_LP
123,250000,train,metric,sklearn_LP,0.9,pinball,0.06304791248772,sklearn_LP
123,250000,train,metric,sklearn_LP,0.9,rmse,0.5830559006099741,sklearn_LP
123,250000,test,metric,sklearn_LP,0.9,pinball,0.0634316480777272,sklearn_LP
123,250000,test,metric,sklearn_LP,0.9,rmse,0.5847050826187986,sklearn_LP
123,250000,test,pi,sklearn_LP,"PI(0.1,0.9)",coverage,0.79664,sklearn_LP
123,250000,test,pi,sklearn_LP,"PI(0.1,0.9)",mean_width,0.8701335829254913,sklearn_LP
123,250000,test,pi,sklearn_LP,"PI(0.1,0.9)",winkler,1.2306994419217736,sklearn_LP
123,250000,test,corr,sklearn_LP,"PI(0.1,0.9)",width_vs_y__pearson_r,0.3147675874162429,sklearn_LP
123,250000,test,corr,sklearn_LP,"PI(0.1,0.9)",width_vs_y__pearson_p,0.0,sklearn_LP
123,250000,test,corr,sklearn_LP,"PI(0.1,0.9)",width_vs_y__spearman_r,0.4616771096898222,sklearn_LP
123,250000,test,corr,sklearn_LP,"PI(0.1,0.9)",width_vs_y__spearman_p,0.0,sklearn_LP
123,250000,test,corr,sklearn_LP,"PI(0.1,0.9)",width_vs_y__mean_width,0.8701335829254913,sklearn_LP
123,250000,test,corr,sklearn_LP,"PI(0.1,0.9)",width_vs_q50hat__pearson_r,0.4950466780354401,sklearn_LP
123,250000,test,corr,sklearn_LP,"PI(0.1,0.9)",width_vs_q50hat__pearson_p,0.0,sklearn_LP
123,250000,test,corr,sklearn_LP,"PI(0.1,0.9)",width_vs_q50hat__spearman_r,0.6679877239526554,sklearn_LP
123,250000,test,corr,sklearn_LP,"PI(0.1,0.9)",width_vs_q50hat__spearman_p,0.0,sklearn_LP
123,250000,test,corr,sklearn_LP,"PI(0.1,0.9)",width_vs_q50hat__mean_width,0.8701335829254913,sklearn_LP
123,10000,train,timing,IRLS,0.1,fit_seconds,1023.1081414150004,IRLS
123,10000,train,timing,IRLS,0.1,n_iter,1676.0,IRLS
123,10000,train,timing,IRLS,0.5,fit_seconds,420.4176727949998,IRLS
123,10000,train,timing,IRLS,0.5,n_iter,689.0,IRLS
123,10000,train,timing,IRLS,0.9,fit_seconds,594.2333871999999,IRLS
123,10000,train,timing,IRLS,0.9,n_iter,976.0,IRLS
123,10000,train,kkt,IRLS,0.1,kkt_intercept_abs,0.0333799999999999,IRLS
123,10000,train,kkt,IRLS,0.1,kkt_grad_inf,0.01486,IRLS
123,10000,train,kkt,IRLS,0.1,kkt_grad_l2,0.0173231778103404,IRLS
123,10000,train,kkt,IRLS,0.1,frac_near_zero_resid,0.0138,IRLS
123,10000,train,kkt,IRLS,0.5,kkt_intercept_abs,0.0001,IRLS
123,10000,train,kkt,IRLS,0.5,kkt_grad_inf,0.0002584536761101,IRLS
123,10000,train,kkt,IRLS,0.5,kkt_grad_l2,0.0008486037395493,IRLS
123,10000,train,kkt,IRLS,0.5,frac_near_zero_resid,0.0354,IRLS
123,10000,train,kkt,IRLS,0.9,kkt_intercept_abs,0.03326,IRLS
123,10000,train,kkt,IRLS,0.9,kkt_grad_inf,0.01458,IRLS
123,10000,train,kkt,IRLS,0.9,kkt_grad_l2,0.0170831464255677,IRLS
123,10000,train,kkt,IRLS,0.9,frac_near_zero_resid,0.0146,IRLS
123,10000,train,metric,IRLS,0.1,pinball,0.0527151820762573,IRLS
123,10000,train,metric,IRLS,0.1,rmse,0.571113834797978,IRLS
123,10000,test,metric,IRLS,0.1,pinball,0.0678354873278678,IRLS
123,10000,test,metric,IRLS,0.1,rmse,0.5907297236786244,IRLS
123,10000,train,metric,IRLS,0.5,pinball,0.1274576736483164,IRLS
123,10000,train,metric,IRLS,0.5,rmse,0.3567793996006397,IRLS
123,10000,test,metric,IRLS,0.5,pinball,0.1442211269061937,IRLS
123,10000,test,metric,IRLS,0.5,rmse,0.3895673678562338,IRLS
123,10000,train,metric,IRLS,0.9,pinball,0.0550172354842125,IRLS
123,10000,train,metric,IRLS,0.9,rmse,0.568622498810164,IRLS
123,10000,test,metric,IRLS,0.9,pinball,0.0741269121598878,IRLS
123,10000,test,metric,IRLS,0.9,rmse,0.5938815292108387,IRLS
123,10000,test,pi,IRLS,"PI(0.1,0.9)",coverage,0.72958,IRLS
123,10000,test,pi,IRLS,"PI(0.1,0.9)",mean_width,0.8240887387165111,IRLS
123,10000,test,pi,IRLS,"PI(0.1,0.9)",winkler,1.4196239948775573,IRLS
123,10000,test,corr,IRLS,"PI(0.1,0.9)",width_vs_y__pearson_r,0.1779958737158096,IRLS
123,10000,test,corr,IRLS,"PI(0.1,0.9)",width_vs_y__pearson_p,0.0,IRLS
123,10000,test,corr,IRLS,"PI(0.1,0.9)",width_vs_y__spearman_r,0.2776664519615868,IRLS
123,10000,test,corr,IRLS,"PI(0.1,0.9)",width_vs_y__spearman_p,0.0,IRLS
123,10000,test,corr,IRLS,"PI(0.1,0.9)",width_vs_y__mean_width,0.8240887387165111,IRLS
123,10000,test,corr,IRLS,"PI(0.1,0.9)",width_vs_q50hat__pearson_r,0.3011163943775562,IRLS
123,10000,test,corr,IRLS,"PI(0.1,0.9)",width_vs_q50hat__pearson_p,0.0,IRLS
123,10000,test,corr,IRLS,"PI(0.1,0.9)",width_vs_q50hat__spearman_r,0.4213934547888022,IRLS
123,10000,test,corr,IRLS,"PI(0.1,0.9)",width_vs_q50hat__spearman_p,0.0,IRLS
123,10000,test,corr,IRLS,"PI(0.1,0.9)",width_vs_q50hat__mean_width,0.8240887387165111,IRLS
123,25000,train,timing,IRLS,0.1,fit_seconds,1090.0921710330003,IRLS
123,25000,train,timing,IRLS,0.1,n_iter,1254.0,IRLS
123,25000,train,timing,IRLS,0.5,fit_seconds,702.0956828810013,IRLS
123,25000,train,timing,IRLS,0.5,n_iter,793.0,IRLS
123,25000,train,timing,IRLS,0.9,fit_seconds,1248.955192427,IRLS
123,25000,train,timing,IRLS,0.9,n_iter,1391.0,IRLS
123,25000,train,kkt,IRLS,0.1,kkt_intercept_abs,0.0143479999999999,IRLS
123,25000,train,kkt,IRLS,0.1,kkt_grad_inf,0.005924,IRLS
123,25000,train,kkt,IRLS,0.1,kkt_grad_l2,0.0077657229782672,IRLS
123,25000,train,kkt,IRLS,0.1,frac_near_zero_resid,0.00548,IRLS
123,25000,train,kkt,IRLS,0.5,kkt_intercept_abs,0.00018,IRLS
123,25000,train,kkt,IRLS,0.5,kkt_grad_inf,0.0001263298957857,IRLS
123,25000,train,kkt,IRLS,0.5,kkt_grad_l2,0.0003400962120978,IRLS
123,25000,train,kkt,IRLS,0.5,frac_near_zero_resid,0.0158,IRLS
123,25000,train,kkt,IRLS,0.9,kkt_intercept_abs,0.014284,IRLS
123,25000,train,kkt,IRLS,0.9,kkt_grad_inf,0.006248,IRLS
123,25000,train,kkt,IRLS,0.9,kkt_grad_l2,0.0072138609779969,IRLS
123,25000,train,kkt,IRLS,0.9,frac_near_zero_resid,0.00484,IRLS
123,25000,train,metric,IRLS,0.1,pinball,0.0560539558430411,IRLS
123,25000,train,metric,IRLS,0.1,rmse,0.5849531818793774,IRLS
123,25000,test,metric,IRLS,0.1,pinball,0.064109012710358,IRLS
123,25000,test,metric,IRLS,0.1,rmse,0.5995534952672626,IRLS
123,25000,train,metric,IRLS,0.5,pinball,0.1322394128524142,IRLS
123,25000,train,metric,IRLS,0.5,rmse,0.3630350028094709,IRLS
123,25000,test,metric,IRLS,0.5,pinball,0.1407965113809134,IRLS
123,25000,test,metric,IRLS,0.5,rmse,0.382989679403372,IRLS
123,25000,train,metric,IRLS,0.9,pinball,0.0598906249266557,IRLS
123,25000,train,metric,IRLS,0.9,rmse,0.5796795581814871,IRLS
123,25000,test,metric,IRLS,0.9,pinball,0.0677139250082573,IRLS
123,25000,test,metric,IRLS,0.9,rmse,0.592302045650868,IRLS
123,25000,test,pi,IRLS,"PI(0.1,0.9)",coverage,0.76782,IRLS
123,25000,test,pi,IRLS,"PI(0.1,0.9)",mean_width,0.8571579780337766,IRLS
123,25000,test,pi,IRLS,"PI(0.1,0.9)",winkler,1.3182293771861535,IRLS
123,25000,test,corr,IRLS,"PI(0.1,0.9)",width_vs_y__pearson_r,0.2634089023698585,IRLS
123,25000,test,corr,IRLS,"PI(0.1,0.9)",width_vs_y__pearson_p,0.0,IRLS
123,25000,test,corr,IRLS,"PI(0.1,0.9)",width_vs_y__spearman_r,0.3854887413854265,IRLS
123,25000,test,corr,IRLS,"PI(0.1,0.9)",width_vs_y__spearman_p,0.0,IRLS
123,25000,test,corr,IRLS,"PI(0.1,0.9)",width_vs_y__mean_width,0.8571579780337766,IRLS
123,25000,test,corr,IRLS,"PI(0.1,0.9)",width_vs_q50hat__pearson_r,0.4045036960820554,IRLS
123,25000,test,corr,IRLS,"PI(0.1,0.9)",width_vs_q50hat__pearson_p,0.0,IRLS
123,25000,test,corr,IRLS,"PI(0.1,0.9)",width_vs_q50hat__spearman_r,0.5507077218884163,IRLS
123,25000,test,corr,IRLS,"PI(0.1,0.9)",width_vs_q50hat__spearman_p,0.0,IRLS
123,25000,test,corr,IRLS,"PI(0.1,0.9)",width_vs_q50hat__mean_width,0.8571579780337766,IRLS
123,50000,train,timing,IRLS,0.1,fit_seconds,673.1369364070015,IRLS
123,50000,train,timing,IRLS,0.1,n_iter,495.0,IRLS
123,50000,train,timing,IRLS,0.5,fit_seconds,957.5784819069996,IRLS
123,50000,train,timing,IRLS,0.5,n_iter,723.0,IRLS
123,50000,train,timing,IRLS,0.9,fit_seconds,2031.9391324869996,IRLS
123,50000,train,timing,IRLS,0.9,n_iter,1618.0,IRLS
123,50000,train,kkt,IRLS,0.1,kkt_intercept_abs,0.0075239999999999,IRLS
123,50000,train,kkt,IRLS,0.1,kkt_grad_inf,0.003196,IRLS
123,50000,train,kkt,IRLS,0.1,kkt_grad_l2,0.0037643505835951,IRLS
123,50000,train,kkt,IRLS,0.1,frac_near_zero_resid,0.00224,IRLS
123,50000,train,kkt,IRLS,0.5,kkt_intercept_abs,0.0001,IRLS
123,50000,train,kkt,IRLS,0.5,kkt_grad_inf,0.0002306091560971,IRLS
123,50000,train,kkt,IRLS,0.5,kkt_grad_l2,0.0003749922114947,IRLS
123,50000,train,kkt,IRLS,0.5,frac_near_zero_resid,0.00768,IRLS
123,50000,train,kkt,IRLS,0.9,kkt_intercept_abs,0.0075,IRLS
123,50000,train,kkt,IRLS,0.9,kkt_grad_inf,0.003414,IRLS
123,50000,train,kkt,IRLS,0.9,kkt_grad_l2,0.0040219417507202,IRLS
123,50000,train,kkt,IRLS,0.9,frac_near_zero_resid,0.0024,IRLS
123,50000,train,metric,IRLS,0.1,pinball,0.0578457024691053,IRLS
123,50000,train,metric,IRLS,0.1,rmse,0.5862748891870675,IRLS
123,50000,test,metric,IRLS,0.1,pinball,0.0615861527185234,IRLS
123,50000,test,metric,IRLS,0.1,rmse,0.5885381744669863,IRLS
123,50000,train,metric,IRLS,0.5,pinball,0.1349773849747359,IRLS
123,50000,train,metric,IRLS,0.5,rmse,0.3679354275370117,IRLS
123,50000,test,metric,IRLS,0.5,pinball,0.1384353688665877,IRLS
123,50000,test,metric,IRLS,0.5,rmse,0.3736682460198285,IRLS
123,50000,train,metric,IRLS,0.9,pinball,0.0619675639729249,IRLS
123,50000,train,metric,IRLS,0.9,rmse,0.5863646886912022,IRLS
123,50000,test,metric,IRLS,0.9,pinball,0.0653449590924924,IRLS
123,50000,test,metric,IRLS,0.9,rmse,0.5914715746787892,IRLS
123,50000,test,pi,IRLS,"PI(0.1,0.9)",coverage,0.78774,IRLS
123,50000,test,pi,IRLS,"PI(0.1,0.9)",mean_width,0.8685228500759815,IRLS
123,50000,test,pi,IRLS,"PI(0.1,0.9)",winkler,1.269311118110159,IRLS
123,50000,test,corr,IRLS,"PI(0.1,0.9)",width_vs_y__pearson_r,0.295502718577398,IRLS
123,50000,test,corr,IRLS,"PI(0.1,0.9)",width_vs_y__pearson_p,0.0,IRLS
123,50000,test,corr,IRLS,"PI(0.1,0.9)",width_vs_y__spearman_r,0.424218342462915,IRLS
123,50000,test,corr,IRLS,"PI(0.1,0.9)",width_vs_y__spearman_p,0.0,IRLS
123,50000,test,corr,IRLS,"PI(0.1,0.9)",width_vs_y__mean_width,0.8685228500759815,IRLS
123,50000,test,corr,IRLS,"PI(0.1,0.9)",width_vs_q50hat__pearson_r,0.4646152103548824,IRLS
123,50000,test,corr,IRLS,"PI(0.1,0.9)",width_vs_q50hat__pearson_p,0.0,IRLS
123,50000,test,corr,IRLS,"PI(0.1,0.9)",width_vs_q50hat__spearman_r,0.6159036859376242,IRLS
123,50000,test,corr,IRLS,"PI(0.1,0.9)",width_vs_q50hat__spearman_p,0.0,IRLS
123,50000,test,corr,IRLS,"PI(0.1,0.9)",width_vs_q50hat__mean_width,0.8685228500759815,IRLS
123,75000,train,timing,IRLS,0.1,fit_seconds,1679.1927285230013,IRLS
123,75000,train,timing,IRLS,0.1,n_iter,965.0,IRLS
123,75000,train,timing,IRLS,0.5,fit_seconds,840.0503858720003,IRLS
123,75000,train,timing,IRLS,0.5,n_iter,479.0,IRLS
123,75000,train,timing,IRLS,0.9,fit_seconds,1245.589392553,IRLS
123,75000,train,timing,IRLS,0.9,n_iter,647.0,IRLS
123,75000,train,kkt,IRLS,0.1,kkt_intercept_abs,0.0049573333333333,IRLS
123,75000,train,kkt,IRLS,0.1,kkt_grad_inf,0.00234,IRLS
123,75000,train,kkt,IRLS,0.1,kkt_grad_l2,0.0026933093731019,IRLS
123,75000,train,kkt,IRLS,0.1,frac_near_zero_resid,0.0013066666666666,IRLS
123,75000,train,kkt,IRLS,0.5,kkt_intercept_abs,4.6666666666666665e-05,IRLS
123,75000,train,kkt,IRLS,0.5,kkt_grad_inf,8.27749511680666e-05,IRLS
123,75000,train,kkt,IRLS,0.5,kkt_grad_l2,0.0001547794043789,IRLS
123,75000,train,kkt,IRLS,0.5,frac_near_zero_resid,0.0050266666666666,IRLS
123,75000,train,kkt,IRLS,0.9,kkt_intercept_abs,0.004952,IRLS
123,75000,train,kkt,IRLS,0.9,kkt_grad_inf,0.002224,IRLS
123,75000,train,kkt,IRLS,0.9,kkt_grad_l2,0.0025393728897005,IRLS
123,75000,train,kkt,IRLS,0.9,frac_near_zero_resid,0.0013866666666666,IRLS
123,75000,train,metric,IRLS,0.1,pinball,0.0584749917056437,IRLS
123,75000,train,metric,IRLS,0.1,rmse,0.5874351021511294,IRLS
123,75000,test,metric,IRLS,0.1,pinball,0.0603327030058453,IRLS
123,75000,test,metric,IRLS,0.1,rmse,0.5890531851951407,IRLS
123,75000,train,metric,IRLS,0.5,pinball,0.135335341577784,IRLS
123,75000,train,metric,IRLS,0.5,rmse,0.3689287685297415,IRLS
123,75000,test,metric,IRLS,0.5,pinball,0.1382757591620652,IRLS
123,75000,test,metric,IRLS,0.5,rmse,0.3735227615909491,IRLS
123,75000,train,metric,IRLS,0.9,pinball,0.0621551942183879,IRLS
123,75000,train,metric,IRLS,0.9,rmse,0.5831692330228262,IRLS
123,75000,test,metric,IRLS,0.9,pinball,0.0648876257065208,IRLS
123,75000,test,metric,IRLS,0.9,rmse,0.5862053195877839,IRLS
123,75000,test,pi,IRLS,"PI(0.1,0.9)",coverage,0.79024,IRLS
123,75000,test,pi,IRLS,"PI(0.1,0.9)",mean_width,0.868090545737437,IRLS
123,75000,test,pi,IRLS,"PI(0.1,0.9)",winkler,1.2522032871236617,IRLS
123,75000,test,corr,IRLS,"PI(0.1,0.9)",width_vs_y__pearson_r,0.3039683549807385,IRLS
123,75000,test,corr,IRLS,"PI(0.1,0.9)",width_vs_y__pearson_p,0.0,IRLS
123,75000,test,corr,IRLS,"PI(0.1,0.9)",width_vs_y__spearman_r,0.4447003823803175,IRLS
123,75000,test,corr,IRLS,"PI(0.1,0.9)",width_vs_y__spearman_p,0.0,IRLS
123,75000,test,corr,IRLS,"PI(0.1,0.9)",width_vs_y__mean_width,0.868090545737437,IRLS
123,75000,test,corr,IRLS,"PI(0.1,0.9)",width_vs_q50hat__pearson_r,0.476318958500635,IRLS
123,75000,test,corr,IRLS,"PI(0.1,0.9)",width_vs_q50hat__pearson_p,0.0,IRLS
123,75000,test,corr,IRLS,"PI(0.1,0.9)",width_vs_q50hat__spearman_r,0.6377769093535701,IRLS
123,75000,test,corr,IRLS,"PI(0.1,0.9)",width_vs_q50hat__spearman_p,0.0,IRLS
123,75000,test,corr,IRLS,"PI(0.1,0.9)",width_vs_q50hat__mean_width,0.868090545737437,IRLS
123,100000,train,timing,IRLS,0.1,fit_seconds,1573.5410764340013,IRLS
123,100000,train,timing,IRLS,0.1,n_iter,714.0,IRLS
123,100000,train,timing,IRLS,0.5,fit_seconds,1012.2041684069992,IRLS
123,100000,train,timing,IRLS,0.5,n_iter,468.0,IRLS
123,100000,train,timing,IRLS,0.9,fit_seconds,1108.3094581490004,IRLS
123,100000,train,timing,IRLS,0.9,n_iter,509.0,IRLS
123,100000,train,kkt,IRLS,0.1,kkt_intercept_abs,0.0037489999999999,IRLS
123,100000,train,kkt,IRLS,0.1,kkt_grad_inf,0.001709,IRLS
123,100000,train,kkt,IRLS,0.1,kkt_grad_l2,0.0020087153672482,IRLS
123,100000,train,kkt,IRLS,0.1,frac_near_zero_resid,0.00129,IRLS
123,100000,train,kkt,IRLS,0.5,kkt_intercept_abs,7e-05,IRLS
123,100000,train,kkt,IRLS,0.5,kkt_grad_inf,9.006379368603852e-05,IRLS
123,100000,train,kkt,IRLS,0.5,kkt_grad_l2,0.0001465191570695,IRLS
123,100000,train,kkt,IRLS,0.5,frac_near_zero_resid,0.00422,IRLS
123,100000,train,kkt,IRLS,0.9,kkt_intercept_abs,0.003688,IRLS
123,100000,train,kkt,IRLS,0.9,kkt_grad_inf,0.001566,IRLS
123,100000,train,kkt,IRLS,0.9,kkt_grad_l2,0.0018794418042614,IRLS
123,100000,train,kkt,IRLS,0.9,frac_near_zero_resid,0.00128,IRLS
123,100000,train,metric,IRLS,0.1,pinball,0.0586658392681756,IRLS
123,100000,train,metric,IRLS,0.1,rmse,0.586445650323043,IRLS
123,100000,test,metric,IRLS,0.1,pinball,0.060130867110402,IRLS
123,100000,test,metric,IRLS,0.1,rmse,0.5872452370029093,IRLS
123,100000,train,metric,IRLS,0.5,pinball,0.1355870523808769,IRLS
123,100000,train,metric,IRLS,0.5,rmse,0.3693193129726094,IRLS
123,100000,test,metric,IRLS,0.5,pinball,0.1385290249367121,IRLS
123,100000,test,metric,IRLS,0.5,rmse,0.3735415031601027,IRLS
123,100000,train,metric,IRLS,0.9,pinball,0.0623596944524098,IRLS
123,100000,train,metric,IRLS,0.9,rmse,0.5839402913814364,IRLS
123,100000,test,metric,IRLS,0.9,pinball,0.0644416915654539,IRLS
123,100000,test,metric,IRLS,0.9,rmse,0.5869910046187892,IRLS
123,100000,test,pi,IRLS,"PI(0.1,0.9)",coverage,0.79054,IRLS
123,100000,test,pi,IRLS,"PI(0.1,0.9)",mean_width,0.868226537266604,IRLS
123,100000,test,pi,IRLS,"PI(0.1,0.9)",winkler,1.2457255867585604,IRLS
123,100000,test,corr,IRLS,"PI(0.1,0.9)",width_vs_y__pearson_r,0.325731340816132,IRLS
123,100000,test,corr,IRLS,"PI(0.1,0.9)",width_vs_y__pearson_p,0.0,IRLS
123,100000,test,corr,IRLS,"PI(0.1,0.9)",width_vs_y__spearman_r,0.4512807845562102,IRLS
123,100000,test,corr,IRLS,"PI(0.1,0.9)",width_vs_y__spearman_p,0.0,IRLS
123,100000,test,corr,IRLS,"PI(0.1,0.9)",width_vs_y__mean_width,0.868226537266604,IRLS
123,100000,test,corr,IRLS,"PI(0.1,0.9)",width_vs_q50hat__pearson_r,0.5130957420436231,IRLS
123,100000,test,corr,IRLS,"PI(0.1,0.9)",width_vs_q50hat__pearson_p,0.0,IRLS
123,100000,test,corr,IRLS,"PI(0.1,0.9)",width_vs_q50hat__spearman_r,0.6590159813211225,IRLS
123,100000,test,corr,IRLS,"PI(0.1,0.9)",width_vs_q50hat__spearman_p,0.0,IRLS
123,100000,test,corr,IRLS,"PI(0.1,0.9)",width_vs_q50hat__mean_width,0.868226537266604,IRLS
123,250000,train,timing,IRLS,0.1,fit_seconds,2538.5384907000007,IRLS
123,250000,train,timing,IRLS,0.1,n_iter,518.0,IRLS
123,250000,train,timing,IRLS,0.5,fit_seconds,1775.2253815220029,IRLS
123,250000,train,timing,IRLS,0.5,n_iter,367.0,IRLS
123,250000,train,timing,IRLS,0.9,fit_seconds,2599.810598974,IRLS
123,250000,train,timing,IRLS,0.9,n_iter,501.0,IRLS
123,250000,train,kkt,IRLS,0.1,kkt_intercept_abs,0.0016147999999999,IRLS
123,250000,train,kkt,IRLS,0.1,kkt_grad_inf,0.0007176,IRLS
123,250000,train,kkt,IRLS,0.1,kkt_grad_l2,0.0008525164608647,IRLS
123,250000,train,kkt,IRLS,0.1,frac_near_zero_resid,0.000468,IRLS
123,250000,train,kkt,IRLS,0.5,kkt_intercept_abs,2e-06,IRLS
123,250000,train,kkt,IRLS,0.5,kkt_grad_inf,5.251874534616479e-05,IRLS
123,250000,train,kkt,IRLS,0.5,kkt_grad_l2,8.33527361152422e-05,IRLS
123,250000,train,kkt,IRLS,0.5,frac_near_zero_resid,0.001748,IRLS
123,250000,train,kkt,IRLS,0.9,kkt_intercept_abs,0.0016356,IRLS
123,250000,train,kkt,IRLS,0.9,kkt_grad_inf,0.00072,IRLS
123,250000,train,kkt,IRLS,0.9,kkt_grad_l2,0.0008432548382016,IRLS
123,250000,train,kkt,IRLS,0.9,frac_near_zero_resid,0.000436,IRLS
123,250000,train,metric,IRLS,0.1,pinball,0.0589996866510963,IRLS
123,250000,train,metric,IRLS,0.1,rmse,0.5859463767241169,IRLS
123,250000,test,metric,IRLS,0.1,pinball,0.0596400181329692,IRLS
123,250000,test,metric,IRLS,0.1,rmse,0.5867098080429374,IRLS
123,250000,train,metric,IRLS,0.5,pinball,0.1362340157476451,IRLS
123,250000,train,metric,IRLS,0.5,rmse,0.3692141017520852,IRLS
123,250000,test,metric,IRLS,0.5,pinball,0.1368854606184127,IRLS
123,250000,test,metric,IRLS,0.5,rmse,0.3701558829848573,IRLS
123,250000,train,metric,IRLS,0.9,pinball,0.0630479131237398,IRLS
123,250000,train,metric,IRLS,0.9,rmse,0.5830846167521162,IRLS
123,250000,test,metric,IRLS,0.9,pinball,0.0634305375028619,IRLS
123,250000,test,metric,IRLS,0.9,rmse,0.5847332050728418,IRLS
123,250000,test,pi,IRLS,"PI(0.1,0.9)",coverage,0.79634,IRLS
123,250000,test,pi,IRLS,"PI(0.1,0.9)",mean_width,0.8702135396370494,IRLS
123,250000,test,pi,IRLS,"PI(0.1,0.9)",winkler,1.2307055563583127,IRLS
123,250000,test,corr,IRLS,"PI(0.1,0.9)",width_vs_y__pearson_r,0.3148693978855439,IRLS
123,250000,test,corr,IRLS,"PI(0.1,0.9)",width_vs_y__pearson_p,0.0,IRLS
123,250000,test,corr,IRLS,"PI(0.1,0.9)",width_vs_y__spearman_r,0.4617442649811298,IRLS
123,250000,test,corr,IRLS,"PI(0.1,0.9)",width_vs_y__spearman_p,0.0,IRLS
123,250000,test,corr,IRLS,"PI(0.1,0.9)",width_vs_y__mean_width,0.8702135396370494,IRLS
123,250000,test,corr,IRLS,"PI(0.1,0.9)",width_vs_q50hat__pearson_r,0.4956971116625828,IRLS
123,250000,test,corr,IRLS,"PI(0.1,0.9)",width_vs_q50hat__pearson_p,0.0,IRLS
123,250000,test,corr,IRLS,"PI(0.1,0.9)",width_vs_q50hat__spearman_r,0.6685374175158344,IRLS
123,250000,test,corr,IRLS,"PI(0.1,0.9)",width_vs_q50hat__spearman_p,0.0,IRLS
123,250000,test,corr,IRLS,"PI(0.1,0.9)",width_vs_q50hat__mean_width,0.8702135396370494,IRLS
123,500000,train,timing,IRLS,0.1,fit_seconds,4343.527756550997,IRLS
123,500000,train,timing,IRLS,0.1,n_iter,427.0,IRLS
123,500000,train,timing,IRLS,0.5,fit_seconds,2848.05431041,IRLS
123,500000,train,timing,IRLS,0.5,n_iter,261.0,IRLS
123,500000,train,timing,IRLS,0.9,fit_seconds,5600.889018909998,IRLS
123,500000,train,timing,IRLS,0.9,n_iter,551.0,IRLS
123,500000,train,kkt,IRLS,0.1,kkt_intercept_abs,0.0008769999999999,IRLS
123,500000,train,kkt,IRLS,0.1,kkt_grad_inf,0.0004032,IRLS
123,500000,train,kkt,IRLS,0.1,kkt_grad_l2,0.0004840490719526,IRLS
123,500000,train,kkt,IRLS,0.1,frac_near_zero_resid,0.00017,IRLS
123,500000,train,kkt,IRLS,0.5,kkt_intercept_abs,9e-06,IRLS
123,500000,train,kkt,IRLS,0.5,kkt_grad_inf,1.2660257719247131e-05,IRLS
123,500000,train,kkt,IRLS,0.5,kkt_grad_l2,2.35079592183254e-05,IRLS
123,500000,train,kkt,IRLS,0.5,frac_near_zero_resid,0.00083,IRLS
123,500000,train,kkt,IRLS,0.9,kkt_intercept_abs,0.0008686,IRLS
123,500000,train,kkt,IRLS,0.9,kkt_grad_inf,0.0003798,IRLS
123,500000,train,kkt,IRLS,0.9,kkt_grad_l2,0.0004440667619535,IRLS
123,500000,train,kkt,IRLS,0.9,frac_near_zero_resid,0.000166,IRLS
123,500000,train,metric,IRLS,0.1,pinball,0.0591731402003891,IRLS
123,500000,train,metric,IRLS,0.1,rmse,0.5867777974094421,IRLS
123,500000,test,metric,IRLS,0.1,pinball,0.0595247455898972,IRLS
123,500000,test,metric,IRLS,0.1,rmse,0.586431436271099,IRLS
123,500000,train,metric,IRLS,0.5,pinball,0.1364494739870377,IRLS
123,500000,train,metric,IRLS,0.5,rmse,0.36938147727155,IRLS
123,500000,test,metric,IRLS,0.5,pinball,0.1357674227909831,IRLS
123,500000,test,metric,IRLS,0.5,rmse,0.3676853504168003,IRLS
123,500000,train,metric,IRLS,0.9,pinball,0.0632006324632407,IRLS
123,500000,train,metric,IRLS,0.9,rmse,0.5822372991704583,IRLS
123,500000,test,metric,IRLS,0.9,pinball,0.0630100892814977,IRLS
123,500000,test,metric,IRLS,0.9,rmse,0.5792892668395481,IRLS
123,500000,test,pi,IRLS,"PI(0.1,0.9)",coverage,0.79888,IRLS
123,500000,test,pi,IRLS,"PI(0.1,0.9)",mean_width,0.8684425467343397,IRLS
123,500000,test,pi,IRLS,"PI(0.1,0.9)",winkler,1.22534834871395,IRLS
123,500000,test,corr,IRLS,"PI(0.1,0.9)",width_vs_y__pearson_r,0.3297302819828011,IRLS
123,500000,test,corr,IRLS,"PI(0.1,0.9)",width_vs_y__pearson_p,0.0,IRLS
123,500000,test,corr,IRLS,"PI(0.1,0.9)",width_vs_y__spearman_r,0.4750086079605865,IRLS
123,500000,test,corr,IRLS,"PI(0.1,0.9)",width_vs_y__spearman_p,0.0,IRLS
123,500000,test,corr,IRLS,"PI(0.1,0.9)",width_vs_y__mean_width,0.8684425467343397,IRLS
123,500000,test,corr,IRLS,"PI(0.1,0.9)",width_vs_q50hat__pearson_r,0.5138821718449105,IRLS
123,500000,test,corr,IRLS,"PI(0.1,0.9)",width_vs_q50hat__pearson_p,0.0,IRLS
123,500000,test,corr,IRLS,"PI(0.1,0.9)",width_vs_q50hat__spearman_r,0.6849574606137602,IRLS
123,500000,test,corr,IRLS,"PI(0.1,0.9)",width_vs_q50hat__spearman_p,0.0,IRLS
123,500000,test,corr,IRLS,"PI(0.1,0.9)",width_vs_q50hat__mean_width,0.8684425467343397,IRLS
123,10000,train,timing,proxSGD,0.1,fit_seconds,42.68670503500016,proxSGD
123,10000,train,timing,proxSGD,0.1,n_iter,5000.0,proxSGD
123,10000,train,timing,proxSGD,0.5,fit_seconds,42.68381081700045,proxSGD
123,10000,train,timing,proxSGD,0.5,n_iter,5000.0,proxSGD
123,10000,train,timing,proxSGD,0.9,fit_seconds,43.02589029699993,proxSGD
123,10000,train,timing,proxSGD,0.9,n_iter,5000.0,proxSGD
123,10000,train,kkt,proxSGD,0.1,kkt_intercept_abs,0.0125,proxSGD
123,10000,train,kkt,proxSGD,0.1,kkt_grad_inf,0.0058299999999999,proxSGD
123,10000,train,kkt,proxSGD,0.1,kkt_grad_l2,0.0081287519958466,proxSGD
123,10000,train,kkt,proxSGD,0.1,frac_near_zero_resid,0.0,proxSGD
123,10000,train,kkt,proxSGD,0.5,kkt_intercept_abs,0.0008,proxSGD
123,10000,train,kkt,proxSGD,0.5,kkt_grad_inf,0.00105,proxSGD
123,10000,train,kkt,proxSGD,0.5,kkt_grad_l2,0.0031577290240948,proxSGD
123,10000,train,kkt,proxSGD,0.5,frac_near_zero_resid,0.0,proxSGD
123,10000,train,kkt,proxSGD,0.9,kkt_intercept_abs,0.0110999999999999,proxSGD
123,10000,train,kkt,proxSGD,0.9,kkt_grad_inf,0.0051299999999999,proxSGD
123,10000,train,kkt,proxSGD,0.9,kkt_grad_l2,0.0067518380218623,proxSGD
123,10000,train,kkt,proxSGD,0.9,frac_near_zero_resid,0.0,proxSGD
123,10000,train,metric,proxSGD,0.1,pinball,0.0534182860406268,proxSGD
123,10000,train,metric,proxSGD,0.1,rmse,0.5736917936320051,proxSGD
123,10000,test,metric,proxSGD,0.1,pinball,0.06683560159678,proxSGD
123,10000,test,metric,proxSGD,0.1,rmse,0.6015973620448593,proxSGD
123,10000,train,metric,proxSGD,0.5,pinball,0.1278407178844807,proxSGD
123,10000,train,metric,proxSGD,0.5,rmse,0.3564325191723069,proxSGD
123,10000,test,metric,proxSGD,0.5,pinball,0.1439330235789058,proxSGD
123,10000,test,metric,proxSGD,0.5,rmse,0.3890263402116485,proxSGD
123,10000,train,metric,proxSGD,0.9,pinball,0.0556575372188552,proxSGD
123,10000,train,metric,proxSGD,0.9,rmse,0.5732865066991311,proxSGD
123,10000,test,metric,proxSGD,0.9,pinball,0.0726974277138406,proxSGD
123,10000,test,metric,proxSGD,0.9,rmse,0.5973995558955165,proxSGD
123,10000,test,pi,proxSGD,"PI(0.1,0.9)",coverage,0.74624,proxSGD
123,10000,test,pi,proxSGD,"PI(0.1,0.9)",mean_width,0.8477739975909362,proxSGD
123,10000,test,pi,proxSGD,"PI(0.1,0.9)",winkler,1.3953302931062066,proxSGD
123,10000,test,corr,proxSGD,"PI(0.1,0.9)",width_vs_y__pearson_r,0.2005273868076194,proxSGD
123,10000,test,corr,proxSGD,"PI(0.1,0.9)",width_vs_y__pearson_p,0.0,proxSGD
123,10000,test,corr,proxSGD,"PI(0.1,0.9)",width_vs_y__spearman_r,0.2947946556034127,proxSGD
123,10000,test,corr,proxSGD,"PI(0.1,0.9)",width_vs_y__spearman_p,0.0,proxSGD
123,10000,test,corr,proxSGD,"PI(0.1,0.9)",width_vs_y__mean_width,0.8477739975909362,proxSGD
123,10000,test,corr,proxSGD,"PI(0.1,0.9)",width_vs_q50hat__pearson_r,0.3200532405238133,proxSGD
123,10000,test,corr,proxSGD,"PI(0.1,0.9)",width_vs_q50hat__pearson_p,0.0,proxSGD
123,10000,test,corr,proxSGD,"PI(0.1,0.9)",width_vs_q50hat__spearman_r,0.4386915000970941,proxSGD
123,10000,test,corr,proxSGD,"PI(0.1,0.9)",width_vs_q50hat__spearman_p,0.0,proxSGD
123,10000,test,corr,proxSGD,"PI(0.1,0.9)",width_vs_q50hat__mean_width,0.8477739975909362,proxSGD
123,25000,train,timing,proxSGD,0.1,fit_seconds,44.49744562499927,proxSGD
123,25000,train,timing,proxSGD,0.1,n_iter,5000.0,proxSGD
123,25000,train,timing,proxSGD,0.5,fit_seconds,43.91710492100083,proxSGD
123,25000,train,timing,proxSGD,0.5,n_iter,5000.0,proxSGD
123,25000,train,timing,proxSGD,0.9,fit_seconds,43.31220762800058,proxSGD
123,25000,train,timing,proxSGD,0.9,n_iter,5000.0,proxSGD
123,25000,train,kkt,proxSGD,0.1,kkt_intercept_abs,0.00824,proxSGD
123,25000,train,kkt,proxSGD,0.1,kkt_grad_inf,0.0047239999999999,proxSGD
123,25000,train,kkt,proxSGD,0.1,kkt_grad_l2,0.0063129994500351,proxSGD
123,25000,train,kkt,proxSGD,0.1,frac_near_zero_resid,0.0,proxSGD
123,25000,train,kkt,proxSGD,0.5,kkt_intercept_abs,0.00032,proxSGD
123,25000,train,kkt,proxSGD,0.5,kkt_grad_inf,0.00054,proxSGD
123,25000,train,kkt,proxSGD,0.5,kkt_grad_l2,0.0016914382247008,proxSGD
123,25000,train,kkt,proxSGD,0.5,frac_near_zero_resid,0.0,proxSGD
123,25000,train,kkt,proxSGD,0.9,kkt_intercept_abs,0.0079199999999999,proxSGD
123,25000,train,kkt,proxSGD,0.9,kkt_grad_inf,0.0036039999999999,proxSGD
123,25000,train,kkt,proxSGD,0.9,kkt_grad_l2,0.0047507439045599,proxSGD
123,25000,train,kkt,proxSGD,0.9,frac_near_zero_resid,0.0,proxSGD
123,25000,train,metric,proxSGD,0.1,pinball,0.0564309723116541,proxSGD
123,25000,train,metric,proxSGD,0.1,rmse,0.5864927750367458,proxSGD
123,25000,test,metric,proxSGD,0.1,pinball,0.063452936406414,proxSGD
123,25000,test,metric,proxSGD,0.1,rmse,0.6013883205188761,proxSGD
123,25000,train,metric,proxSGD,0.5,pinball,0.1325016943074215,proxSGD
123,25000,train,metric,proxSGD,0.5,rmse,0.3626126951203178,proxSGD
123,25000,test,metric,proxSGD,0.5,pinball,0.1405644152712354,proxSGD
123,25000,test,metric,proxSGD,0.5,rmse,0.3826912503510259,proxSGD
123,25000,train,metric,proxSGD,0.9,pinball,0.0603209022609007,proxSGD
123,25000,train,metric,proxSGD,0.9,rmse,0.585662789111622,proxSGD
123,25000,test,metric,proxSGD,0.9,pinball,0.0668309180676702,proxSGD
123,25000,test,metric,proxSGD,0.9,rmse,0.5979733693885608,proxSGD
123,25000,test,pi,proxSGD,"PI(0.1,0.9)",coverage,0.78382,proxSGD
123,25000,test,pi,proxSGD,"PI(0.1,0.9)",mean_width,0.8772014756208404,proxSGD
123,25000,test,pi,proxSGD,"PI(0.1,0.9)",winkler,1.3028385447408424,proxSGD
123,25000,test,corr,proxSGD,"PI(0.1,0.9)",width_vs_y__pearson_r,0.2760235080168592,proxSGD
123,25000,test,corr,proxSGD,"PI(0.1,0.9)",width_vs_y__pearson_p,0.0,proxSGD
123,25000,test,corr,proxSGD,"PI(0.1,0.9)",width_vs_y__spearman_r,0.3933454992708911,proxSGD
123,25000,test,corr,proxSGD,"PI(0.1,0.9)",width_vs_y__spearman_p,0.0,proxSGD
123,25000,test,corr,proxSGD,"PI(0.1,0.9)",width_vs_y__mean_width,0.8772014756208404,proxSGD
123,25000,test,corr,proxSGD,"PI(0.1,0.9)",width_vs_q50hat__pearson_r,0.4226468136316559,proxSGD
123,25000,test,corr,proxSGD,"PI(0.1,0.9)",width_vs_q50hat__pearson_p,0.0,proxSGD
123,25000,test,corr,proxSGD,"PI(0.1,0.9)",width_vs_q50hat__spearman_r,0.5599349194206475,proxSGD
123,25000,test,corr,proxSGD,"PI(0.1,0.9)",width_vs_q50hat__spearman_p,0.0,proxSGD
123,25000,test,corr,proxSGD,"PI(0.1,0.9)",width_vs_q50hat__mean_width,0.8772014756208404,proxSGD
123,50000,train,timing,proxSGD,0.1,fit_seconds,47.687643572000525,proxSGD
123,50000,train,timing,proxSGD,0.1,n_iter,5000.0,proxSGD
123,50000,train,timing,proxSGD,0.5,fit_seconds,47.23352540699943,proxSGD
123,50000,train,timing,proxSGD,0.5,n_iter,5000.0,proxSGD
123,50000,train,timing,proxSGD,0.9,fit_seconds,47.1958253469993,proxSGD
123,50000,train,timing,proxSGD,0.9,n_iter,5000.0,proxSGD
123,50000,train,kkt,proxSGD,0.1,kkt_intercept_abs,0.00704,proxSGD
123,50000,train,kkt,proxSGD,0.1,kkt_grad_inf,0.0038399999999999,proxSGD
123,50000,train,kkt,proxSGD,0.1,kkt_grad_l2,0.0048804834290877,proxSGD
123,50000,train,kkt,proxSGD,0.1,frac_near_zero_resid,0.0,proxSGD
123,50000,train,kkt,proxSGD,0.5,kkt_intercept_abs,0.00112,proxSGD
123,50000,train,kkt,proxSGD,0.5,kkt_grad_inf,0.0010075125480428,proxSGD
123,50000,train,kkt,proxSGD,0.5,kkt_grad_l2,0.0017043191051733,proxSGD
123,50000,train,kkt,proxSGD,0.5,frac_near_zero_resid,0.0,proxSGD
123,50000,train,kkt,proxSGD,0.9,kkt_intercept_abs,0.0059799999999999,proxSGD
123,50000,train,kkt,proxSGD,0.9,kkt_grad_inf,0.0028799999999999,proxSGD
123,50000,train,kkt,proxSGD,0.9,kkt_grad_l2,0.003773061777262,proxSGD
123,50000,train,kkt,proxSGD,0.9,frac_near_zero_resid,0.0,proxSGD
123,50000,train,metric,proxSGD,0.1,pinball,0.0580890983245168,proxSGD
123,50000,train,metric,proxSGD,0.1,rmse,0.5898911603192022,proxSGD
123,50000,test,metric,proxSGD,0.1,pinball,0.0611774524223924,proxSGD
123,50000,test,metric,proxSGD,0.1,rmse,0.5923712594153817,proxSGD
123,50000,train,metric,proxSGD,0.5,pinball,0.1351454105709654,proxSGD
123,50000,train,metric,proxSGD,0.5,rmse,0.3676537625648339,proxSGD
123,50000,test,metric,proxSGD,0.5,pinball,0.1383156590777767,proxSGD
123,50000,test,metric,proxSGD,0.5,rmse,0.3734575416449805,proxSGD
123,50000,train,metric,proxSGD,0.9,pinball,0.062284911480879,proxSGD
123,50000,train,metric,proxSGD,0.9,rmse,0.5938321438761202,proxSGD
123,50000,test,metric,proxSGD,0.9,pinball,0.0650431361318229,proxSGD
123,50000,test,metric,proxSGD,0.9,rmse,0.5990618279088777,proxSGD
123,50000,test,pi,proxSGD,"PI(0.1,0.9)",coverage,0.80078,proxSGD
123,50000,test,pi,proxSGD,"PI(0.1,0.9)",mean_width,0.8883835482758173,proxSGD
123,50000,test,pi,proxSGD,"PI(0.1,0.9)",winkler,1.262205885542154,proxSGD
123,50000,test,corr,proxSGD,"PI(0.1,0.9)",width_vs_y__pearson_r,0.3010487815931825,proxSGD
123,50000,test,corr,proxSGD,"PI(0.1,0.9)",width_vs_y__pearson_p,0.0,proxSGD
123,50000,test,corr,proxSGD,"PI(0.1,0.9)",width_vs_y__spearman_r,0.4272010757583124,proxSGD
123,50000,test,corr,proxSGD,"PI(0.1,0.9)",width_vs_y__spearman_p,0.0,proxSGD
123,50000,test,corr,proxSGD,"PI(0.1,0.9)",width_vs_y__mean_width,0.8883835482758173,proxSGD
123,50000,test,corr,proxSGD,"PI(0.1,0.9)",width_vs_q50hat__pearson_r,0.4734355102787274,proxSGD
123,50000,test,corr,proxSGD,"PI(0.1,0.9)",width_vs_q50hat__pearson_p,0.0,proxSGD
123,50000,test,corr,proxSGD,"PI(0.1,0.9)",width_vs_q50hat__spearman_r,0.6224213125552656,proxSGD
123,50000,test,corr,proxSGD,"PI(0.1,0.9)",width_vs_q50hat__spearman_p,0.0,proxSGD
123,50000,test,corr,proxSGD,"PI(0.1,0.9)",width_vs_q50hat__mean_width,0.8883835482758173,proxSGD
123,75000,train,timing,proxSGD,0.1,fit_seconds,49.92979378900054,proxSGD
123,75000,train,timing,proxSGD,0.1,n_iter,5000.0,proxSGD
123,75000,train,timing,proxSGD,0.5,fit_seconds,49.84855085900017,proxSGD
123,75000,train,timing,proxSGD,0.5,n_iter,5000.0,proxSGD
123,75000,train,timing,proxSGD,0.9,fit_seconds,49.18260585500048,proxSGD
123,75000,train,timing,proxSGD,0.9,n_iter,5000.0,proxSGD
123,75000,train,kkt,proxSGD,0.1,kkt_intercept_abs,0.0075333333333333,proxSGD
123,75000,train,kkt,proxSGD,0.1,kkt_grad_inf,0.0040253333333333,proxSGD
123,75000,train,kkt,proxSGD,0.1,kkt_grad_l2,0.0058432900152139,proxSGD
123,75000,train,kkt,proxSGD,0.1,frac_near_zero_resid,0.0,proxSGD
123,75000,train,kkt,proxSGD,0.5,kkt_intercept_abs,0.00096,proxSGD
123,75000,train,kkt,proxSGD,0.5,kkt_grad_inf,0.0011159972746936,proxSGD
123,75000,train,kkt,proxSGD,0.5,kkt_grad_l2,0.0018329050572423,proxSGD
123,75000,train,kkt,proxSGD,0.5,frac_near_zero_resid,0.0,proxSGD
123,75000,train,kkt,proxSGD,0.9,kkt_intercept_abs,0.0058533333333333,proxSGD
123,75000,train,kkt,proxSGD,0.9,kkt_grad_inf,0.0029319999999999,proxSGD
123,75000,train,kkt,proxSGD,0.9,kkt_grad_l2,0.0035821403092009,proxSGD
123,75000,train,kkt,proxSGD,0.9,frac_near_zero_resid,0.0,proxSGD
123,75000,train,metric,proxSGD,0.1,pinball,0.0586709186844773,proxSGD
123,75000,train,metric,proxSGD,0.1,rmse,0.593290069803527,proxSGD
123,75000,test,metric,proxSGD,0.1,pinball,0.0601169166326026,proxSGD
123,75000,test,metric,proxSGD,0.1,rmse,0.5951732599903666,proxSGD
123,75000,train,metric,proxSGD,0.5,pinball,0.1354734295524918,proxSGD
123,75000,train,metric,proxSGD,0.5,rmse,0.3686390658524131,proxSGD
123,75000,test,metric,proxSGD,0.5,pinball,0.1382411702997345,proxSGD
123,75000,test,metric,proxSGD,0.5,rmse,0.3733944679547562,proxSGD
123,75000,train,metric,proxSGD,0.9,pinball,0.0623497648851182,proxSGD
123,75000,train,metric,proxSGD,0.9,rmse,0.5910663243263491,proxSGD
123,75000,test,metric,proxSGD,0.9,pinball,0.0645564181239081,proxSGD
123,75000,test,metric,proxSGD,0.9,rmse,0.5937860621501739,proxSGD
123,75000,test,pi,proxSGD,"PI(0.1,0.9)",coverage,0.80472,proxSGD
123,75000,test,pi,proxSGD,"PI(0.1,0.9)",mean_width,0.8897352233535949,proxSGD
123,75000,test,pi,proxSGD,"PI(0.1,0.9)",winkler,1.2467333475651077,proxSGD
123,75000,test,corr,proxSGD,"PI(0.1,0.9)",width_vs_y__pearson_r,0.3047819902215574,proxSGD
123,75000,test,corr,proxSGD,"PI(0.1,0.9)",width_vs_y__pearson_p,0.0,proxSGD
123,75000,test,corr,proxSGD,"PI(0.1,0.9)",width_vs_y__spearman_r,0.4465034887427882,proxSGD
123,75000,test,corr,proxSGD,"PI(0.1,0.9)",width_vs_y__spearman_p,0.0,proxSGD
123,75000,test,corr,proxSGD,"PI(0.1,0.9)",width_vs_y__mean_width,0.8897352233535949,proxSGD
123,75000,test,corr,proxSGD,"PI(0.1,0.9)",width_vs_q50hat__pearson_r,0.4746852304989484,proxSGD
123,75000,test,corr,proxSGD,"PI(0.1,0.9)",width_vs_q50hat__pearson_p,0.0,proxSGD
123,75000,test,corr,proxSGD,"PI(0.1,0.9)",width_vs_q50hat__spearman_r,0.6398859869963831,proxSGD
123,75000,test,corr,proxSGD,"PI(0.1,0.9)",width_vs_q50hat__spearman_p,0.0,proxSGD
123,75000,test,corr,proxSGD,"PI(0.1,0.9)",width_vs_q50hat__mean_width,0.8897352233535949,proxSGD
123,100000,train,timing,proxSGD,0.1,fit_seconds,55.66819772599956,proxSGD
123,100000,train,timing,proxSGD,0.1,n_iter,5000.0,proxSGD
123,100000,train,timing,proxSGD,0.5,fit_seconds,65.09863114100062,proxSGD
123,100000,train,timing,proxSGD,0.5,n_iter,5000.0,proxSGD
123,100000,train,timing,proxSGD,0.9,fit_seconds,59.2895431070001,proxSGD
123,100000,train,timing,proxSGD,0.9,n_iter,5000.0,proxSGD
123,100000,train,kkt,proxSGD,0.1,kkt_intercept_abs,0.00835,proxSGD
123,100000,train,kkt,proxSGD,0.1,kkt_grad_inf,0.0046379999999999,proxSGD
123,100000,train,kkt,proxSGD,0.1,kkt_grad_l2,0.0060527164369177,proxSGD
123,100000,train,kkt,proxSGD,0.1,frac_near_zero_resid,0.0,proxSGD
123,100000,train,kkt,proxSGD,0.5,kkt_intercept_abs,0.00114,proxSGD
123,100000,train,kkt,proxSGD,0.5,kkt_grad_inf,0.0018013302271888,proxSGD
123,100000,train,kkt,proxSGD,0.5,kkt_grad_l2,0.0025530613920446,proxSGD
123,100000,train,kkt,proxSGD,0.5,frac_near_zero_resid,0.0,proxSGD
123,100000,train,kkt,proxSGD,0.9,kkt_intercept_abs,0.0059699999999999,proxSGD
123,100000,train,kkt,proxSGD,0.9,kkt_grad_inf,0.0032079999999999,proxSGD
123,100000,train,kkt,proxSGD,0.9,kkt_grad_l2,0.0037586375187101,proxSGD
123,100000,train,kkt,proxSGD,0.9,frac_near_zero_resid,0.0,proxSGD
123,100000,train,metric,proxSGD,0.1,pinball,0.0589690190329587,proxSGD
123,100000,train,metric,proxSGD,0.1,rmse,0.5940411454288468,proxSGD
123,100000,test,metric,proxSGD,0.1,pinball,0.0602151963053373,proxSGD
123,100000,test,metric,proxSGD,0.1,rmse,0.595472756418265,proxSGD
123,100000,train,metric,proxSGD,0.5,pinball,0.1357028202583213,proxSGD
123,100000,train,metric,proxSGD,0.5,rmse,0.3690507537955694,proxSGD
123,100000,test,metric,proxSGD,0.5,pinball,0.1385266443282327,proxSGD
123,100000,test,metric,proxSGD,0.5,rmse,0.3734543061936702,proxSGD
123,100000,train,metric,proxSGD,0.9,pinball,0.0626062670707753,proxSGD
123,100000,train,metric,proxSGD,0.9,rmse,0.5925526505299056,proxSGD
123,100000,test,metric,proxSGD,0.9,pinball,0.0643221451058951,proxSGD
123,100000,test,metric,proxSGD,0.9,rmse,0.5956439937781408,proxSGD
123,100000,test,pi,proxSGD,"PI(0.1,0.9)",coverage,0.80548,proxSGD
123,100000,test,pi,proxSGD,"PI(0.1,0.9)",mean_width,0.8922861187031152,proxSGD
123,100000,test,pi,proxSGD,"PI(0.1,0.9)",winkler,1.2453734141123247,proxSGD
123,100000,test,corr,proxSGD,"PI(0.1,0.9)",width_vs_y__pearson_r,0.3219078956829321,proxSGD
123,100000,test,corr,proxSGD,"PI(0.1,0.9)",width_vs_y__pearson_p,0.0,proxSGD
123,100000,test,corr,proxSGD,"PI(0.1,0.9)",width_vs_y__spearman_r,0.4485158521601633,proxSGD
123,100000,test,corr,proxSGD,"PI(0.1,0.9)",width_vs_y__spearman_p,0.0,proxSGD
123,100000,test,corr,proxSGD,"PI(0.1,0.9)",width_vs_y__mean_width,0.8922861187031152,proxSGD
123,100000,test,corr,proxSGD,"PI(0.1,0.9)",width_vs_q50hat__pearson_r,0.5057486083559255,proxSGD
123,100000,test,corr,proxSGD,"PI(0.1,0.9)",width_vs_q50hat__pearson_p,0.0,proxSGD
123,100000,test,corr,proxSGD,"PI(0.1,0.9)",width_vs_q50hat__spearman_r,0.6553912371761477,proxSGD
123,100000,test,corr,proxSGD,"PI(0.1,0.9)",width_vs_q50hat__spearman_p,0.0,proxSGD
123,100000,test,corr,proxSGD,"PI(0.1,0.9)",width_vs_q50hat__mean_width,0.8922861187031152,proxSGD
123,250000,train,timing,proxSGD,0.1,fit_seconds,81.21394851900004,proxSGD
123,250000,train,timing,proxSGD,0.1,n_iter,5000.0,proxSGD
123,250000,train,timing,proxSGD,0.5,fit_seconds,80.4635756409998,proxSGD
123,250000,train,timing,proxSGD,0.5,n_iter,5000.0,proxSGD
123,250000,train,timing,proxSGD,0.9,fit_seconds,78.82651973300017,proxSGD
123,250000,train,timing,proxSGD,0.9,n_iter,5000.0,proxSGD
123,250000,train,kkt,proxSGD,0.1,kkt_intercept_abs,0.008236,proxSGD
123,250000,train,kkt,proxSGD,0.1,kkt_grad_inf,0.0044963999999999,proxSGD
123,250000,train,kkt,proxSGD,0.1,kkt_grad_l2,0.0061974379591326,proxSGD
123,250000,train,kkt,proxSGD,0.1,frac_near_zero_resid,0.0,proxSGD
123,250000,train,kkt,proxSGD,0.5,kkt_intercept_abs,0.000484,proxSGD
123,250000,train,kkt,proxSGD,0.5,kkt_grad_inf,0.000336,proxSGD
123,250000,train,kkt,proxSGD,0.5,kkt_grad_l2,0.0007859958938249,proxSGD
123,250000,train,kkt,proxSGD,0.5,frac_near_zero_resid,0.0,proxSGD
123,250000,train,kkt,proxSGD,0.9,kkt_intercept_abs,0.0061439999999999,proxSGD
123,250000,train,kkt,proxSGD,0.9,kkt_grad_inf,0.0034763999999999,proxSGD
123,250000,train,kkt,proxSGD,0.9,kkt_grad_l2,0.0039905221326031,proxSGD
123,250000,train,kkt,proxSGD,0.9,frac_near_zero_resid,0.0,proxSGD
123,250000,train,metric,proxSGD,0.1,pinball,0.0592481546827861,proxSGD
123,250000,train,metric,proxSGD,0.1,rmse,0.5945562086705634,proxSGD
123,250000,test,metric,proxSGD,0.1,pinball,0.0597454838635699,proxSGD
123,250000,test,metric,proxSGD,0.1,rmse,0.5953801690460507,proxSGD
123,250000,train,metric,proxSGD,0.5,pinball,0.1363634842415311,proxSGD
123,250000,train,metric,proxSGD,0.5,rmse,0.3692216332191843,proxSGD
123,250000,test,metric,proxSGD,0.5,pinball,0.136867147573729,proxSGD
123,250000,test,metric,proxSGD,0.5,rmse,0.3699938189674751,proxSGD
123,250000,train,metric,proxSGD,0.9,pinball,0.0632227070515742,proxSGD
123,250000,train,metric,proxSGD,0.9,rmse,0.5921693584555789,proxSGD
123,250000,test,metric,proxSGD,0.9,pinball,0.0633775292878423,proxSGD
123,250000,test,metric,proxSGD,0.9,rmse,0.5935667261390428,proxSGD
123,250000,test,pi,proxSGD,"PI(0.1,0.9)",coverage,0.81076,proxSGD
123,250000,test,pi,proxSGD,"PI(0.1,0.9)",mean_width,0.8948980888030933,proxSGD
123,250000,test,pi,proxSGD,"PI(0.1,0.9)",winkler,1.2312301315141223,proxSGD
123,250000,test,corr,proxSGD,"PI(0.1,0.9)",width_vs_y__pearson_r,0.311328575147929,proxSGD
123,250000,test,corr,proxSGD,"PI(0.1,0.9)",width_vs_y__pearson_p,0.0,proxSGD
123,250000,test,corr,proxSGD,"PI(0.1,0.9)",width_vs_y__spearman_r,0.4596253089248834,proxSGD
123,250000,test,corr,proxSGD,"PI(0.1,0.9)",width_vs_y__spearman_p,0.0,proxSGD
123,250000,test,corr,proxSGD,"PI(0.1,0.9)",width_vs_y__mean_width,0.8948980888030933,proxSGD
123,250000,test,corr,proxSGD,"PI(0.1,0.9)",width_vs_q50hat__pearson_r,0.480777561817799,proxSGD
123,250000,test,corr,proxSGD,"PI(0.1,0.9)",width_vs_q50hat__pearson_p,0.0,proxSGD
123,250000,test,corr,proxSGD,"PI(0.1,0.9)",width_vs_q50hat__spearman_r,0.6616791128881025,proxSGD
123,250000,test,corr,proxSGD,"PI(0.1,0.9)",width_vs_q50hat__spearman_p,0.0,proxSGD
123,250000,test,corr,proxSGD,"PI(0.1,0.9)",width_vs_q50hat__mean_width,0.8948980888030933,proxSGD
123,500000,train,timing,proxSGD,0.1,fit_seconds,115.62977170999966,proxSGD
123,500000,train,timing,proxSGD,0.1,n_iter,5000.0,proxSGD
123,500000,train,timing,proxSGD,0.5,fit_seconds,115.9402145640006,proxSGD
123,500000,train,timing,proxSGD,0.5,n_iter,5000.0,proxSGD
123,500000,train,timing,proxSGD,0.9,fit_seconds,113.35389825499988,proxSGD
123,500000,train,timing,proxSGD,0.9,n_iter,5000.0,proxSGD
123,500000,train,kkt,proxSGD,0.1,kkt_intercept_abs,0.0072839999999999,proxSGD
123,500000,train,kkt,proxSGD,0.1,kkt_grad_inf,0.0038863999999999,proxSGD
123,500000,train,kkt,proxSGD,0.1,kkt_grad_l2,0.0054372354590721,proxSGD
123,500000,train,kkt,proxSGD,0.1,frac_near_zero_resid,0.0,proxSGD
123,500000,train,kkt,proxSGD,0.5,kkt_intercept_abs,0.000666,proxSGD
123,500000,train,kkt,proxSGD,0.5,kkt_grad_inf,0.0004315176707793,proxSGD
123,500000,train,kkt,proxSGD,0.5,kkt_grad_l2,0.0008419903276388,proxSGD
123,500000,train,kkt,proxSGD,0.5,frac_near_zero_resid,0.0,proxSGD
123,500000,train,kkt,proxSGD,0.9,kkt_intercept_abs,0.0058819999999999,proxSGD
123,500000,train,kkt,proxSGD,0.9,kkt_grad_inf,0.0032083999999999,proxSGD
123,500000,train,kkt,proxSGD,0.9,kkt_grad_l2,0.0037586276659982,proxSGD
123,500000,train,kkt,proxSGD,0.9,frac_near_zero_resid,0.0,proxSGD
123,500000,train,metric,proxSGD,0.1,pinball,0.059290215999973,proxSGD
123,500000,train,metric,proxSGD,0.1,rmse,0.5934439651919626,proxSGD
123,500000,test,metric,proxSGD,0.1,pinball,0.059571026773746,proxSGD
123,500000,test,metric,proxSGD,0.1,rmse,0.5932340334414363,proxSGD
123,500000,train,metric,proxSGD,0.5,pinball,0.1365260670212028,proxSGD
123,500000,train,metric,proxSGD,0.5,rmse,0.3692913168199425,proxSGD
123,500000,test,metric,proxSGD,0.5,pinball,0.1358051475639068,proxSGD
123,500000,test,metric,proxSGD,0.5,rmse,0.3676586945446232,proxSGD
123,500000,train,metric,proxSGD,0.9,pinball,0.0633026492893649,proxSGD
123,500000,train,metric,proxSGD,0.9,rmse,0.5907736065171768,proxSGD
123,500000,test,metric,proxSGD,0.9,pinball,0.0629943883527438,proxSGD
123,500000,test,metric,proxSGD,0.9,rmse,0.5878237054903351,proxSGD
123,500000,test,pi,proxSGD,"PI(0.1,0.9)",coverage,0.81316,proxSGD
123,500000,test,pi,proxSGD,"PI(0.1,0.9)",mean_width,0.8903241527172222,proxSGD
123,500000,test,pi,proxSGD,"PI(0.1,0.9)",winkler,1.2256541512648993,proxSGD
123,500000,test,corr,proxSGD,"PI(0.1,0.9)",width_vs_y__pearson_r,0.3311994873486684,proxSGD
123,500000,test,corr,proxSGD,"PI(0.1,0.9)",width_vs_y__pearson_p,0.0,proxSGD
123,500000,test,corr,proxSGD,"PI(0.1,0.9)",width_vs_y__spearman_r,0.4743340264433555,proxSGD
123,500000,test,corr,proxSGD,"PI(0.1,0.9)",width_vs_y__spearman_p,0.0,proxSGD
123,500000,test,corr,proxSGD,"PI(0.1,0.9)",width_vs_y__mean_width,0.8903241527172222,proxSGD
123,500000,test,corr,proxSGD,"PI(0.1,0.9)",width_vs_q50hat__pearson_r,0.5141828335495806,proxSGD
123,500000,test,corr,proxSGD,"PI(0.1,0.9)",width_vs_q50hat__pearson_p,0.0,proxSGD
123,500000,test,corr,proxSGD,"PI(0.1,0.9)",width_vs_q50hat__spearman_r,0.685514050727563,proxSGD
123,500000,test,corr,proxSGD,"PI(0.1,0.9)",width_vs_q50hat__spearman_p,0.0,proxSGD
123,500000,test,corr,proxSGD,"PI(0.1,0.9)",width_vs_q50hat__mean_width,0.8903241527172222,proxSGD
123,750000,train,timing,proxSGD,0.1,fit_seconds,166.51549122699998,proxSGD
123,750000,train,timing,proxSGD,0.1,n_iter,5000.0,proxSGD
123,750000,train,timing,proxSGD,0.5,fit_seconds,166.30505292600083,proxSGD
123,750000,train,timing,proxSGD,0.5,n_iter,5000.0,proxSGD
123,750000,train,timing,proxSGD,0.9,fit_seconds,180.0015051070004,proxSGD
123,750000,train,timing,proxSGD,0.9,n_iter,5000.0,proxSGD
123,750000,train,kkt,proxSGD,0.1,kkt_intercept_abs,0.0069426666666666,proxSGD
123,750000,train,kkt,proxSGD,0.1,kkt_grad_inf,0.0036637333333333,proxSGD
123,750000,train,kkt,proxSGD,0.1,kkt_grad_l2,0.0049522924983157,proxSGD
123,750000,train,kkt,proxSGD,0.1,frac_near_zero_resid,0.0,proxSGD
123,750000,train,kkt,proxSGD,0.5,kkt_intercept_abs,0.00086,proxSGD
123,750000,train,kkt,proxSGD,0.5,kkt_grad_inf,0.0008209728516926,proxSGD
123,750000,train,kkt,proxSGD,0.5,kkt_grad_l2,0.0012006058622091,proxSGD
123,750000,train,kkt,proxSGD,0.5,frac_near_zero_resid,0.0,proxSGD
123,750000,train,kkt,proxSGD,0.9,kkt_intercept_abs,0.0066346666666666,proxSGD
123,750000,train,kkt,proxSGD,0.9,kkt_grad_inf,0.0035743999999999,proxSGD
123,750000,train,kkt,proxSGD,0.9,kkt_grad_l2,0.0041983310668112,proxSGD
123,750000,train,kkt,proxSGD,0.9,frac_near_zero_resid,0.0,proxSGD
123,750000,train,metric,proxSGD,0.1,pinball,0.0593390924586459,proxSGD
123,750000,train,metric,proxSGD,0.1,rmse,0.5934822925053338,proxSGD
123,750000,test,metric,proxSGD,0.1,pinball,0.059579298326716,proxSGD
123,750000,test,metric,proxSGD,0.1,rmse,0.5938550928805242,proxSGD
123,750000,train,metric,proxSGD,0.5,pinball,0.1366920164863002,proxSGD
123,750000,train,metric,proxSGD,0.5,rmse,0.3696261144321848,proxSGD
123,750000,test,metric,proxSGD,0.5,pinball,0.1368438900630919,proxSGD
123,750000,test,metric,proxSGD,0.5,rmse,0.3690478416285369,proxSGD
123,750000,train,metric,proxSGD,0.9,pinball,0.0634279724244655,proxSGD
123,750000,train,metric,proxSGD,0.9,rmse,0.5930985791993346,proxSGD
123,750000,test,metric,proxSGD,0.9,pinball,0.0635908316561013,proxSGD
123,750000,test,metric,proxSGD,0.9,rmse,0.5935224888711734,proxSGD
123,750000,test,pi,proxSGD,"PI(0.1,0.9)",coverage,0.81098,proxSGD
123,750000,test,pi,proxSGD,"PI(0.1,0.9)",mean_width,0.8953538000057408,proxSGD
123,750000,test,pi,proxSGD,"PI(0.1,0.9)",winkler,1.2317012998281736,proxSGD
123,750000,test,corr,proxSGD,"PI(0.1,0.9)",width_vs_y__pearson_r,0.3190531079152079,proxSGD
123,750000,test,corr,proxSGD,"PI(0.1,0.9)",width_vs_y__pearson_p,0.0,proxSGD
123,750000,test,corr,proxSGD,"PI(0.1,0.9)",width_vs_y__spearman_r,0.4656983156111728,proxSGD
123,750000,test,corr,proxSGD,"PI(0.1,0.9)",width_vs_y__spearman_p,0.0,proxSGD
123,750000,test,corr,proxSGD,"PI(0.1,0.9)",width_vs_y__mean_width,0.8953538000057408,proxSGD
123,750000,test,corr,proxSGD,"PI(0.1,0.9)",width_vs_q50hat__pearson_r,0.5019319367235654,proxSGD
123,750000,test,corr,proxSGD,"PI(0.1,0.9)",width_vs_q50hat__pearson_p,0.0,proxSGD
123,750000,test,corr,proxSGD,"PI(0.1,0.9)",width_vs_q50hat__spearman_r,0.6783656104150295,proxSGD
123,750000,test,corr,proxSGD,"PI(0.1,0.9)",width_vs_q50hat__spearman_p,0.0,proxSGD
123,750000,test,corr,proxSGD,"PI(0.1,0.9)",width_vs_q50hat__mean_width,0.8953538000057408,proxSGD
123,1000000,train,timing,proxSGD,0.1,fit_seconds,232.1230855929998,proxSGD
123,1000000,train,timing,proxSGD,0.1,n_iter,5000.0,proxSGD
123,1000000,train,timing,proxSGD,0.5,fit_seconds,234.4490256279996,proxSGD
123,1000000,train,timing,proxSGD,0.5,n_iter,5000.0,proxSGD
123,1000000,train,timing,proxSGD,0.9,fit_seconds,218.17100024799947,proxSGD
123,1000000,train,timing,proxSGD,0.9,n_iter,5000.0,proxSGD
123,1000000,train,kkt,proxSGD,0.1,kkt_intercept_abs,0.0073419999999999,proxSGD
123,1000000,train,kkt,proxSGD,0.1,kkt_grad_inf,0.0041209999999999,proxSGD
123,1000000,train,kkt,proxSGD,0.1,kkt_grad_l2,0.0057058107518347,proxSGD
123,1000000,train,kkt,proxSGD,0.1,frac_near_zero_resid,0.0,proxSGD
123,1000000,train,kkt,proxSGD,0.5,kkt_intercept_abs,0.000472,proxSGD
123,1000000,train,kkt,proxSGD,0.5,kkt_grad_inf,0.0008486673680051,proxSGD
123,1000000,train,kkt,proxSGD,0.5,kkt_grad_l2,0.001162164812985,proxSGD
123,1000000,train,kkt,proxSGD,0.5,frac_near_zero_resid,0.0,proxSGD
123,1000000,train,kkt,proxSGD,0.9,kkt_intercept_abs,0.0062369999999999,proxSGD
123,1000000,train,kkt,proxSGD,0.9,kkt_grad_inf,0.0032989999999999,proxSGD
123,1000000,train,kkt,proxSGD,0.9,kkt_grad_l2,0.0038507976456205,proxSGD
123,1000000,train,kkt,proxSGD,0.9,frac_near_zero_resid,0.0,proxSGD
123,1000000,train,metric,proxSGD,0.1,pinball,0.0593664525909379,proxSGD
123,1000000,train,metric,proxSGD,0.1,rmse,0.5935919974313024,proxSGD
123,1000000,test,metric,proxSGD,0.1,pinball,0.0599166790636297,proxSGD
123,1000000,test,metric,proxSGD,0.1,rmse,0.59655860860742,proxSGD
123,1000000,train,metric,proxSGD,0.5,pinball,0.1366761465028228,proxSGD
123,1000000,train,metric,proxSGD,0.5,rmse,0.3695168707679561,proxSGD
123,1000000,test,metric,proxSGD,0.5,pinball,0.1376237787310484,proxSGD
123,1000000,test,metric,proxSGD,0.5,rmse,0.3726233166981432,proxSGD
123,1000000,train,metric,proxSGD,0.9,pinball,0.0633752552759016,proxSGD
123,1000000,train,metric,proxSGD,0.9,rmse,0.5922356467674447,proxSGD
123,1000000,test,metric,proxSGD,0.9,pinball,0.0640018939618347,proxSGD
123,1000000,test,metric,proxSGD,0.9,rmse,0.5947470432661823,proxSGD
123,1000000,test,pi,proxSGD,"PI(0.1,0.9)",coverage,0.81118,proxSGD
123,1000000,test,pi,proxSGD,"PI(0.1,0.9)",mean_width,0.8941616202295116,proxSGD
123,1000000,test,pi,proxSGD,"PI(0.1,0.9)",winkler,1.239185730254645,proxSGD
123,1000000,test,corr,proxSGD,"PI(0.1,0.9)",width_vs_y__pearson_r,0.3280168239089085,proxSGD
123,1000000,test,corr,proxSGD,"PI(0.1,0.9)",width_vs_y__pearson_p,0.0,proxSGD
123,1000000,test,corr,proxSGD,"PI(0.1,0.9)",width_vs_y__spearman_r,0.4688876849189224,proxSGD
123,1000000,test,corr,proxSGD,"PI(0.1,0.9)",width_vs_y__spearman_p,0.0,proxSGD
123,1000000,test,corr,proxSGD,"PI(0.1,0.9)",width_vs_y__mean_width,0.8941616202295116,proxSGD
123,1000000,test,corr,proxSGD,"PI(0.1,0.9)",width_vs_q50hat__pearson_r,0.5097747561279973,proxSGD
123,1000000,test,corr,proxSGD,"PI(0.1,0.9)",width_vs_q50hat__pearson_p,0.0,proxSGD
123,1000000,test,corr,proxSGD,"PI(0.1,0.9)",width_vs_q50hat__spearman_r,0.6793733638730602,proxSGD
123,1000000,test,corr,proxSGD,"PI(0.1,0.9)",width_vs_q50hat__spearman_p,0.0,proxSGD
123,1000000,test,corr,proxSGD,"PI(0.1,0.9)",width_vs_q50hat__mean_width,0.8941616202295116,proxSGD
